Item Number / SKU,File Name,Link
1022MOD3BLK10,1022MOD3BLK10 - Ruger® 10:22®-Compatible Mod-3 Black 10rd Magazine Sell Sheet.pdf,https://drive.google.com/file/d/1Dxj9dY--PtVq4o5Pq3P-8Azz5igztgoV/view?usp=drivesdk
1022MOD3BLK15,1022MOD3BLK15 - Ruger® 10:22®-Compatible Mod-3 Black 15rd Magazine Sell Sheet.pdf,https://drive.google.com/file/d/1sDb3RQ8yKYmtQIMqVnTMgQfDT8RzvaeH/view?usp=drivesdk
1022MOD3BLK25,1022MOD3BLK25 - Ruger® 10:22®-Compatible Mod-3 Black 25rd Magazine Sell Sheet.pdf,https://drive.google.com/file/d/1kKt7bkdgrOhaegOJJl2z6-RUjSfKrhgY/view?usp=drivesdk
300MOD3BLK30,300MOD3BLK30 - AR-15 .300 AAC Blackout Mod-3 Black 30rd Magazine Sell Sheet.pdf,https://drive.google.com/file/d/1Qh72w7js3kxYKmAWyJ9FnuX5HWfkS8Om/view?usp=drivesdk
300MOD3CYT30,300MOD3CYT30 - AR-15 .300 AAC Blackout Mod-3 Coyote Brown 30rd Magazine Sell Sheet.pdf,https://drive.google.com/file/d/198aiIA1Tp7Xgp6AKmDdGDEEjDit-yEb4/view?usp=drivesdk
556BANANA1030,556BANANA1030 - AR-15 5.56 Mod-2 Yellow Custom UV-Printed Banana 10:30 10rd Magazine Sell Sheet.pdf,https://drive.google.com/file/d/1XQD5Ob4b59QjiB4xO330I41ZInUhN2LX/view?usp=drivesdk
556BANANA30,556BANANA30 - AR-15 5.56 Mod-2 Yellow Custom UV-Printed Banana Magazine Sell Sheet.pdf,https://drive.google.com/file/d/1pFy3F9n9G6mk7P1Cd1H92ihdk0XjNHc7/view?usp=drivesdk
556MOD2B1030,556MOD2B1030 - AR-15 Mod-2 5.56 Black 10:30 10rd Magazine Sell Sheet.pdf,https://drive.google.com/file/d/1--S5TtUSiAVYpiHbvhijqN2EQFSwaMJ7/view?usp=drivesdk
556MOD2BLK30,556MOD2BLK30 - AR-15 5.56 Mod-2 Black 30rd Magazine Sell Sheet.pdf,https://drive.google.com/file/d/13D-OWBh5soi3yAFhemMsPGXaFZuEZ0rB/view?usp=drivesdk
556MOD2F1030,556MOD2F1030 - AR-15 Mod-2 5.56 Flat Dark Earth 10:30 10rd Magazine Sell Sheet.pdf,https://drive.google.com/file/d/1KXgecx1pE8pCTZmv_dr2iMYp5N9JLN6o/view?usp=drivesdk
556MOD2FDE30,556MOD2FDE30 - AR-15 5.56 Mod-2 Flat Dark Earth 30rd Magazine Sell Sheet.pdf,https://drive.google.com/file/d/1LEoPJhqnIRrt1ewDE8FLSr8WFjUo70Yw/view?usp=drivesdk
556MOD2GRY30,556MOD2GRY30 - AR-15 5.56 Mod-2 Gray 30rd Magazine Sell Sheet.pdf,https://drive.google.com/file/d/1v_vS5ASJ3ZP0iZAel61OxNWedIVFyUmK/view?usp=drivesdk
556MOD2ODG30,556MOD2ODG30 - AR-15 5.56 Mod-2 Olive Drab Green 30rd Magazine Sell Sheet.pdf,https://drive.google.com/file/d/1oktmu5bCUDJgMUqRgdj0pTp-TlDJTB-m/view?usp=drivesdk
556MOD3B1030,556MOD3B1030 - AR-15 5.56 Mod-3 Black 10:30 10rd Magazine Sell Sheet.pdf,https://drive.google.com/file/d/1iGR8JjEwBghZjvbL_1MzyvrsESPBwijP/view?usp=drivesdk
556MOD3BAC30,556MOD3BAC30 - AR-15 5.56 Mod-3 Black Custom UV-Printed Alpine-Cam 30rd Magazine Sell Sheet.pdf,https://drive.google.com/file/d/14qxLKc4gqrT0TmAcyV0ON1f0S8Q1_as4/view?usp=drivesdk
556MOD3BLK30,556MOD3BLK30 - AR-15 5.56 Mod-3 Black 30rd Magazine Sell Sheet.pdf,https://drive.google.com/file/d/1SnhhdxyEBLt3I5XGtsYQ7Ee-AD1EBwuj/view?usp=drivesdk
556MOD3BUC30,556MOD3BUC30 - AR-15 5.56 Mod-3 Black Custom UV-Printed Urban-Cam 30rd Magazine Sell Sheet.pdf,https://drive.google.com/file/d/1uDkV08Z8NV5jUQazC0O3RGbXgVn4QkX7/view?usp=drivesdk
556MOD3CAC30,556MOD3CAC30 - AR-15 5.56 Mod-3 Coyote Brown Custom UV-Printed Arid-Cam 30rd Magazine Sell Sheet.pdf,https://drive.google.com/file/d/1bvB28wxH-wgu183OLmNloVdXCNH_ksoF/view?usp=drivesdk
556MOD3CTC30,556MOD3CTC30 - AR-15 5.56 Mod-3 Coyote Brown Custom UV-Printed Tropical-Cam 30rd Magazine Sell Sheet.pdf,https://drive.google.com/file/d/1gX_jbFo1BBWTuIXv6zzKE5IZUPWato62/view?usp=drivesdk
556MOD3CVC30,556MOD3CVC30 - AR-15 5.56 Mod-3 Coyote Brown Custom UV-Printed Vari-Cam 30rd Magazine Sell Sheet.pdf,https://drive.google.com/file/d/1zxivTi-KGmxVEIX2ULZ4J2mJgo47BbsT/view?usp=drivesdk
556MOD3CYT30,556MOD3CYT30 - AR-15 5.56 Mod-3 Coyote Brown 30rd Magazine Sell Sheet.pdf,https://drive.google.com/file/d/1nCfeCuRm9PeSt9ToT_ppUscQNG6QJzVh/view?usp=drivesdk
556MOD3DT130,"556MOD3DT130 - AR-15 5.56 Mod-3 Black Custom UV-Printed Trump ""Fight!"" 2024 30rd Magazine Sell Sheet.pdf",https://drive.google.com/file/d/1A8YQXUXXOX8lyxOjIqzvTkCXp5QAdQO-/view?usp=drivesdk
556MOD3FLAG30,556MOD3FLAG30 - AR-15 5.56 Mod-3 Black Custom UV-Printed American Flag 30rd Magazine Sell Sheet.pdf,https://drive.google.com/file/d/1ReaQHIbrKxAbcoo67XPc9arHouVzZ4I5/view?usp=drivesdk
556MOD3NEON30,556MOD3NEON30 - AR-15 5.56 Mod-3 Black Custom UV-Printed Neon Splatter 30rd Magazine Sell Sheet.pdf,https://drive.google.com/file/d/1gHmIw4ghc-QzbOdEQY1EtBSlYDMXrfoF/view?usp=drivesdk
556MOD3SBWL30,556MOD3SBWL30 - AR-15 Mod-3 5.56 Black Custom UV-Printed Steamboat Willie 30rd Magazine Sell Sheet.pdf,https://drive.google.com/file/d/1zYbNfqDjeibd_fiRsz7OZQJqrirT65G7/view?usp=drivesdk
556MODAB1030,556MODAB1030 - AR-15 5.56 Mod-A Black 10:30 10rd Magazine Sell Sheet.pdf,https://drive.google.com/file/d/12cf6RTRxCy_fvopNln2YZ1DjhFGCCtjk/view?usp=drivesdk
556MODAB1520,556MODAB1520 - AR-15 5.56:.300 BO Mod-A Black 15:20 15rd Magazine Sell Sheet.pdf,https://drive.google.com/file/d/1zNBxwDltYatTz9CMQKDUBb1NcJM24he_/view?usp=drivesdk
556MODAB25030,"556MODAB25030 - AR-15 5.56 Mod-A Black Custom UV-Printed ""250 Years Strong"" 30rd Magazine Sell Sheet.pdf",https://drive.google.com/file/d/1QLIM1vUDKYgVGriwJCuINO_Njo-C85aP/view?usp=drivesdk
556MODABBSW30,556MODABBSW30 - AR-15 5.56 Mod-A Black Custom UV-Printed Bulgarian Splinter Wetland Camo 30rd Magazine Sell Sheet.pdf,https://drive.google.com/file/d/1tlxO-dwjYgfTDYLEGDbDC7m3bSxeXlyU/view?usp=drivesdk
556MODABCOW30,"556MODABCOW30 - AR-15 5.56 Mod-A Black Custom UV-Printed Cow ""Got Ammo?"" 30rd Magazine Sell Sheet.pdf",https://drive.google.com/file/d/1jWcibL40QgFtw6USgm-jTclSsLP6SrrW/view?usp=drivesdk
556MODABDNC30,556MODABDNC30 - AR-15 5.56 Mod-A Black Custom UV-Printed Desert Night Camo 30rd Magazine Sell Sheet.pdf,https://drive.google.com/file/d/1fHvKbHzbw6UCh--KwmzRwg-CBIJZkp-s/view?usp=drivesdk
556MODABJZZ30,556MODABJZZ30 - AR-15 5.56 Mod-A Black Custom UV-Printed Jazz 30rd Magazine Sell Sheet.pdf,https://drive.google.com/file/d/11d1Xy5gq67HLI9e2l5zeAb0ZMj0fhslQ/view?usp=drivesdk
556MODABLK10,556MODABLK10 - AR-15 5.56 Mod-A Black 10rd Magazine Sell Sheet.pdf,https://drive.google.com/file/d/1KO-SyRe5cD5Nbd9FFE2o8moHEURxxTqO/view?usp=drivesdk
556MODABLK20,556MODABLK20 - AR-15 5.56/.300 BO Mod-A Black 20rd Magazine Sell Sheet.pdf,https://drive.google.com/file/d/1gUE6h5f-NSuC3kb75Eyeqrq6rYwzNaIs/view?usp=drivesdk
556MODABLK30,556MODABLK30 - AR-15 5.56 Mod-A Black 30rd Magazine Sell Sheet.pdf,https://drive.google.com/file/d/1A9r8ktRIyXmYF9bQ5F61KU4G2NEwLlIu/view?usp=drivesdk
556MODABM8130,556MODABM8130 - AR-15 5.56 Mod-A Black Custom UV-Printed M81 Woodland Camo 30rd Magazine Sell Sheet.pdf,https://drive.google.com/file/d/1GpB96f_EdlhfdVPhvSQ6du3dthqpimmt/view?usp=drivesdk
556MODABOF30,556MODABOF30 - AR-15 5.56 Mod-A Black Custom UV-Printed Original Flecktarn Camo 30rd Magazine Sell Sheet.pdf,https://drive.google.com/file/d/1kuxo6cYZTXCk4pr2VpttOo941aWDsf0g/view?usp=drivesdk
556MODABOTS30,556MODABOTS30 - AR-15 5.56 Mod-A Black Custom UV-Printed Original Tiger Stripe Camo 30rd Magazine Sell Sheet.pdf,https://drive.google.com/file/d/1LtHC_BS6LRjG9jaJ7TG8U6hyGjC_LhDa/view?usp=drivesdk
556MODABUTS30,556MODABUTS30 - AR-15 5.56 Mod-A Black Custom UV-Printed Urban Tiger Stripe Camo 30rd Magazine Sell Sheet.pdf,https://drive.google.com/file/d/1dp1mpDmoDRJUejk8uYqa0wCd8_3bVFik/view?usp=drivesdk
556MODACDCC30,556MODACDCC30 - AR-15 5.56 Mod-A Coyote Brown Custom UV-Printed Desert Chocolate Chip Camo 30rd Magazine Sell Sheet.pdf,https://drive.google.com/file/d/1LL0lC5Rl8pruFFmu4lzTvMwQLZGN9_-G/view?usp=drivesdk
556MODACDFG30,556MODACDFG30 - AR-15 5.56 Mod-A Coyote Brown Custom UV-Printed Desert Frogskin Camo 30rd Magazine Sell Sheet.pdf,https://drive.google.com/file/d/1_anNHlE52YjBM8FsNzM8XE96hYHjGuoa/view?usp=drivesdk
556MODACMBS30,556MODACMBS30 - AR-15 5.56 Mod-A Coyote Brown Custom UV-Printed Maple Bar Sprinkle Donut 30rd Magazine Sell Sheet.pdf,https://drive.google.com/file/d/131tvy8j3hRCBsEa8nhzjqmzEWrYyXmdO/view?usp=drivesdk
556MODACRBS30,556MODACRBS30 - AR-15 5.56 Mod-A Coyote Brown Custom UV-Printed Rhodesian Brushstroke Camo 30rd Magazine Sell Sheet.pdf,https://drive.google.com/file/d/1H7DYlcK5EM9dSSqsPP1UlZazpDD0GbVY/view?usp=drivesdk
556MODACYT10,556MODACYT10 - AR-15 5.56 Mod-A Coyote Brown 10rd Magazine Sell Sheet.pdf,https://drive.google.com/file/d/17AmxM4icjjZxj8cH6K8UyS2fivpFI_cm/view?usp=drivesdk
556MODACYT20,556MODACYT20 - AR-15 5.56/.300 BO Mod-A Coyote Brown 20rd Magazine Sell Sheet.pdf,https://drive.google.com/file/d/12gx7piYZ3mnJvapMFCkJUo-qGyiGWlSy/view?usp=drivesdk
556MODACYT30,556MODACYT30 - AR-15 5.56 Mod-A Coyote Brown 30rd Magazine Sell Sheet.pdf,https://drive.google.com/file/d/17DruBoh7Ng5SMv3o55PDJZD5PcvlimnA/view?usp=drivesdk
556MODCBAN30,556MODCBAN30 - AR-15 5.56 Mod-C Translucent Yellow Custom UV-Printed Banana 30rd Magazine Sell Sheet.pdf,https://drive.google.com/file/d/1FyFwbMNAkeC1Xm3uytlm0vvF_NrN0jkA/view?usp=drivesdk
556MODCDTOM30,"556MODCDTOM30 - AR-15 5.56 Mod-C Translucent Yellow Custom UV-Printed ""Don't Tread On Me"" 30rd Magazine Sell Sheet.pdf",https://drive.google.com/file/d/1ctLNS7JWkTjoIha_29IgM_aEL7HGsfnU/view?usp=drivesdk
556MODCGGST30,556MODCGGST30 - AR-15 5.56 Mod-C Translucent Glow-In-The-Dark Custom UV-Printed Tactical Ghost 30rd Magazine Sell Sheet.pdf,https://drive.google.com/file/d/145c6M057l2bJpEgHB7vU5ohcz21TaBXd/view?usp=drivesdk
556MODCGLOW30,556MODCGLOW30 - AR-15 5.56 Mod-C Translucent Glow-In-The-Dark 30rd Magazine Sell Sheet.pdf,https://drive.google.com/file/d/1bmtSjpo4EOr2RnE44zTZT-XYoydXzecu/view?usp=drivesdk
556MODCOACN30,556MODCOACN30 - AR-15 5.56 Mod-C Translucent Olive Drab Green Custom UV-Printed Ammo Can 30rd Magazine Sell Sheet.pdf,https://drive.google.com/file/d/1EfQCXWTo_HC6WFFdYEXbg5-ElAY4OFg2/view?usp=drivesdk
556MODCODG30,556MODCODG30 - AR-15 5.56 Mod-C Translucent OD Green 30rd Magazine Sell Sheet.pdf,https://drive.google.com/file/d/1v8PaoHQIG7PkNSDM_ajHVmuGN6vhiK64/view?usp=drivesdk
556MODCPNK30,556MODCPNK30 - AR-15 5.56 Mod-C Translucent Pink 30rd Magazine Sell Sheet.pdf,https://drive.google.com/file/d/19M0vADglouvccc4obAmeV14YgEXzpDc1/view?usp=drivesdk
556MODCS1030,556MODCS1030 - AR-15 5.56 Mod-C Translucent Smoke 10:30 10rd Magazine Sell Sheet.pdf,https://drive.google.com/file/d/1WpNlhRXC_c4nUiO15wZa-EBr3RncWH2A/view?usp=drivesdk
556MODCSGFT30,556MODCSGFT30 - AR-15 5.56 Mod-C Translucent Smoke Custom UV-Printed Flying Tiger 30rd Magazine Sell Sheet.pdf,https://drive.google.com/file/d/1FgAu9ALq7qcBwu8GbtgmEzRC3AB_HKdf/view?usp=drivesdk
556MODCSMK30,556MODCSMK30 - AR-15 5.56 Mod-C Translucent Smoke 30rd Magazine Sell Sheet.pdf,https://drive.google.com/file/d/1GjlErEHyTWqzN4deVCGCMgN1b_1FTI4c/view?usp=drivesdk
556MODCSMOM30,556MODCSMOM30 - AR-15 5.56 Mod-C Translucent Smoke Custom UV-Printed Man On The Moon 30rd Magazine Sell Sheet.pdf,https://drive.google.com/file/d/1tyJdoTC6lZdRdfW08vRm6quO0pVZEjV0/view?usp=drivesdk
556MODCSPR30,556MODCSPR30 - AR-15 5.56 Mod-C Translucent Pink Custom UV-Printed Sprinkle Donut 30rd Magazine Sell Sheet.pdf,https://drive.google.com/file/d/1SHdnTKyspcoueTBTQBTYFS8PpisdUs0N/view?usp=drivesdk
556MODCYLW30,556MODCYLW30 - AR-15 5.56 Mod-C Translucent Yellow 30rd Magazine Sell Sheet.pdf,https://drive.google.com/file/d/19lqy2Uy0uxO7DYkchmuClPDl-ZVDYdM2/view?usp=drivesdk
556SPRINK1030,556SPRINK1030 - AR-15 5.56 Mod-2 Pink Custom UV-Printed Sprinkle Donut 10:30 10rd Magazine Sell Sheet.pdf,https://drive.google.com/file/d/1nUACnT4sBIwW_GQvRKTQnY8Oc92zo0c4/view?usp=drivesdk
556SPRINKLE30,556SPRINKLE30 - AR-15 5.56 Mod-2 Pink Custom UV-Printed Sprinkle Donut Magazine Sell Sheet.pdf,https://drive.google.com/file/d/1XAyNKYsCOpxz2tUAHr_8M4PEs85bPsbn/view?usp=drivesdk
65GRENDBLK10,65GRENDBLK10 - AR-15 6mm ARC:22 ARC:6.5 Grendel Mod-2 Black 10rd Magazine Sell Sheet.pdf,https://drive.google.com/file/d/1OBv4XDtmro1IO0FLciq4r2cM10Z3tZuM/view?usp=drivesdk
6AMODABLK15,6AMODABLK15 - AR-15 6mm ARC:22 ARC:338 ARC:6.5 Grendel Mod-A Black 15rd Magazine Sell Sheet.pdf,https://drive.google.com/file/d/1ayyD8m4SmhVZ5rou0L9cbGyB3pCwO58M/view?usp=drivesdk
6AMODACYT15,6AMODACYT15 - AR-15 6mm ARC:22 ARC:338 ARC:6.5 Grendel Mod-A Coyote Brown 15rd Magazine Sell Sheet.pdf,https://drive.google.com/file/d/1dm_-yonQ_QfetqmCXaqrrRXtQZxzoiY6/view?usp=drivesdk
762MOD2FDE20,762MOD2FDE20 - SR-25 .308 Mod-2 Flat Dark Earth 20rd Magazine Sell Sheet.pdf,https://drive.google.com/file/d/1LR4IFFgnR5GNSF1pH7931nzN6II3xZxH/view?usp=drivesdk
762MOD2ODG20,762MOD2ODG20 - SR-25 .308 Mod-2 Olive Drab Green 20rd Magazine Sell Sheet.pdf,https://drive.google.com/file/d/1OgWJJVfsV-mnNKzKf2ObskE3hxV3FnF5/view?usp=drivesdk
762MODABLK10,762MODABLK10 - SR-25 .308 Mod-A Black 10rd Magazine Sell Sheet.pdf,https://drive.google.com/file/d/1HKkoCdxw7KO7pKjdmBOnQe7VSSFEyE1D/view?usp=drivesdk
762MODABLK20,762MODABLK20 - SR-25 .308 Mod-A Black 20rd Magazine Sell Sheet.pdf,https://drive.google.com/file/d/1fF1thECDNAGOlGge_jdbqtDZkVdqt5pf/view?usp=drivesdk
762MODACYT10,762MODACYT10 - SR-25 .308 Mod-A Coyote Brown 10rd Magazine Sell Sheet.pdf,https://drive.google.com/file/d/11spWN-j4BYT8SS_dLUI7SCvCM1QFSFV1/view?usp=drivesdk
762MODACYT20,762MODACYT20 - SR-25 .308 Mod-A Coyote Brown 20rd Magazine Sell Sheet.pdf,https://drive.google.com/file/d/1M5oLW6PZ70vBwLY8XkJ9oJJ2qtLuiWmk/view?usp=drivesdk
A2A320FULLBLK,A2A320FULLBLK - SIG SAUER® P320®-Compatible A2-A320F Mod-2 Black 17rd Magazine Sell Sheet.pdf,https://drive.google.com/file/d/1T2N1MWFxhhmW-mr7QgQS1D3fkw6gGexi/view?usp=drivesdk
A2A320HYBRID,A2A320HYBRID - SIG SAUER® P320®-Compatible S300™ Hybrid Grip Module Sell Sheet.pdf,https://drive.google.com/file/d/1NZo4QrxsngzLSEjMd62A1SlHBUW8LPiz/view?usp=drivesdk
A2A320STICKBLK,A2A320STICKBLK - SIG SAUER® P320®-Compatible A2-A320S Mod-2 Black 32rd Magazine Sell Sheet.pdf,https://drive.google.com/file/d/1lrNvnk738bS7J_IYq5hgkkWLSq2v3t5O/view?usp=drivesdk
A2AMSBASEBLK,A2AMSBASEBLK - Amend2® Modular Stock (AMS) Base M-LOK® Black Carbine Model Sell Sheet.pdf,https://drive.google.com/file/d/1nU2xqATV_cx6-GmpwsTmZuLw6TXL2esB/view?usp=drivesdk
A2AMSBASECBN,A2AMSBASECBN - Amend2® Modular Stock (AMS) Carbon-Reinforced Base M-LOK® Carbon Gray Carbine Model Sell Sheet.pdf,https://drive.google.com/file/d/1D3bKUXaYoGUgsCv7DLKTsEEuG-wx0bQl/view?usp=drivesdk
A2AMSLOWSBLK,A2AMSLOWSBLK - Amend2® Modular Stock (AMS) Storage Lite Black Carbine Model Sell Sheet.pdf,https://drive.google.com/file/d/1F6zh3rl8HfE-mx749GxyHZgFoAa_x3pV/view?usp=drivesdk
A2AMSLOWSCBN,A2AMSLOWSCBN - Amend2® Modular Stock (AMS) Carbon-Reinforced Storage Lite Carbon Gray Carbine Model Sell Sheet.pdf,https://drive.google.com/file/d/11FtaycW5OsvIB7jxGEFPanPFBAVBpNeF/view?usp=drivesdk
A2G1910RDBLK,A2G1910RDBLK - GLOCK® G19-Compatible A2-19 Mod-2 Black 9mm 10rd Magazine Sell Sheet.pdf,https://drive.google.com/file/d/1D8sHiFni6MvKY-yaw2jbYpbpVM_iqdWq/view?usp=drivesdk
A2GLOCK19BLK,A2GLOCK19BLK - GLOCK® G19-Compatible A2-19 Mod-2 Black 9mm 15rd Magazine Sell Sheet.pdf,https://drive.google.com/file/d/1tBo2gVMXe3IWSxzGQRYimWgD6MEhhnL0/view?usp=drivesdk
A2GLOCK23BLK,A2GLOCK23BLK - GLOCK® G23-Compatible A2-23 Mod-2 Black .40 S&W 13rd Magazine Sell Sheet.pdf,https://drive.google.com/file/d/1fQ6d-CKzqcecAbV6tho1lq5kJ7W3lymW/view?usp=drivesdk
A2GLOCK42BLK,A2GLOCK42BLK - GLOCK® G42-Compatible A2-42 Mod-2 Black .380 ACP 6rd Magazine Sell Sheet.pdf,https://drive.google.com/file/d/17nd9FKpOGKXhEFtqXiixTUis2huflN4-/view?usp=drivesdk
A2MAGDRUMCP,"A2MAGDRUMCP - 30-Gallon Magazine Display Drum Dump Bin with 50 units of 556BANANA30, 50 units of 556SPRINKLE30, 50 units of 556MOD3FLAG30 & 50 units of 556MOD3NEON30 Sell Sheet.pdf",https://drive.google.com/file/d/1ripD9MEMvciNMEJ7bMGc4jFa8TdTh4Ou/view?usp=drivesdk
A2MAGDRUMMOD2,A2MAGDRUMMOD2 - 30-Gallon Magazine Display Drum Dump Bin with 200 units of 556MOD2BLK30 Sell Sheet.pdf,https://drive.google.com/file/d/1o8_xYBDJn5v88-yxpepVKhTQYNvINR_X/view?usp=drivesdk
A2MAGDRUMMOD3,A2MAGDRUMMOD3 - 30-Gallon Magazine Display Drum Dump Bin with 200 units of 556MOD3BLK30 Sell Sheet.pdf,https://drive.google.com/file/d/1PQPX2PR8BDS6LthU7qc4PX3pHkoC_iU8/view?usp=drivesdk
A2MAGDRUMMODA,A2MAGDRUMMODA - 30-Gallon Magazine Display Drum Dump Bin with 200 units of 556MODABLK30 Sell Sheet.pdf,https://drive.google.com/file/d/1DB4a27zM59dNW77SMDSGAh2NXgz8IuZT/view?usp=drivesdk
A2MAGDRUMMODC,A2MAGDRUMMODC - 30-Gallon Magazine Display Drum Dump Bin with 200 units of 556MODCSMK30 Sell Sheet.pdf,https://drive.google.com/file/d/1-eR6bEy27p8wyUiSQd6enR4ahxYtnwgo/view?usp=drivesdk
A2PGEBLK,A2PGEBLK - Pistol Grip-Enhanced (PG-E) Black Sell Sheet.pdf,https://drive.google.com/file/d/1zmvW14VpVb3N4vG9M1REVWzXpLpfaCXr/view?usp=drivesdk
A2PGECYT,A2PGECYT - Pistol Grip-Enhanced (PG-E) Coyote Brown Sell Sheet.pdf,https://drive.google.com/file/d/1Nw2Y-C-KQTZPk9IwUGCtOJ68x6ASOI3X/view?usp=drivesdk
A2VFGBLK,A2VFGBLK - M-LOK® Vertical Foregrip (VFG) Black Sell Sheet.pdf,https://drive.google.com/file/d/1WfCcqdxY1kdw9TNJg9mVUNAu3KI_WE1k/view?usp=drivesdk
A2VFGCYT,A2VFGCYT - M-LOK® Vertical Foregrip (VFG) Coyote Brown Sell Sheet.pdf,https://drive.google.com/file/d/1pqiiRqUW9I8m3MyL30ivdLsokRd5fG70/view?usp=drivesdk
AGKBLK,AGKBLK - Mohave-K™ Nylon M-LOK® Handstop Black Sell Sheet.pdf,https://drive.google.com/file/d/12IAavUyJ0ExFu-WPg8R_5xa3jDnJrgAS/view?usp=drivesdk
AMSBASECYT,AMSBASECYT - Amend2® Modular Stock (AMS) Base M-LOK® Coyote Brown Carbine Model Sell Sheet.pdf,https://drive.google.com/file/d/1jJxtW2ZHkqKEOK_UBHM1Zk-XlICmP4s-/view?usp=drivesdk
AMSLOWSCYT,AMSLOWSCYT - Amend2® Modular Stock (AMS) Storage Lite Coyote Brown Carbine Model Sell Sheet.pdf,https://drive.google.com/file/d/1cHVUASr4PpHI8Tk0nfzQy5qjYNK0EWt7/view?usp=drivesdk
ARCA12BLK,ARCA12BLK - M-LOK® to ARCA Adapter - 12 in. Black Sell Sheet.pdf,https://drive.google.com/file/d/1mEEut1RXHXOpCl5jKkW7T51to-QXgcba/view?usp=drivesdk
ARCA12FDE,ARCA12FDE - M-LOK® to ARCA Adapter - 12 in. Flat Dark Earth Sell Sheet.pdf,https://drive.google.com/file/d/1aNDb2Jo-FKCeWlP20Z58ClFaAwlAAHJs/view?usp=drivesdk
ARCA3BLK,ARCA3BLK - M-LOK® to ARCA Adapter - 3 in. Black Sell Sheet.pdf,https://drive.google.com/file/d/11k-dEVB74HqTYu96-tK_Dm6SX9VDKyGO/view?usp=drivesdk
ARCA3FDE,ARCA3FDE - M-LOK® to ARCA Adapter - 3 in. Flat Dark Earth Sell Sheet.pdf,https://drive.google.com/file/d/1NnT44ezob172JDBYxGdKWyzFHmLBp5U0/view?usp=drivesdk
ARCA6BLK,ARCA6BLK - M-LOK® to ARCA Adapter - 6 in. Black Sell Sheet.pdf,https://drive.google.com/file/d/1T_77DKWHwJZDtbhs_tCxqdU61C2tM-N3/view?usp=drivesdk
ARCA6FDE,ARCA6FDE - M-LOK® to ARCA Adapter - 6 in. Flat Dark Earth Sell Sheet.pdf,https://drive.google.com/file/d/1hcRY2TQjGE0Ml_8NOJ_8hFTlcDxm2IoK/view?usp=drivesdk
ARTG1BLK,ARTG1BLK - AR-15/SR-25/AR-10 Enhanced Polymer Trigger Guard V1 Black Sell Sheet.pdf,https://drive.google.com/file/d/1Kacz5Df_h-bn36BDY2KorWvmKRzNWKgs/view?usp=drivesdk
ARTG1CYT,ARTG1CYT - AR-15/SR-25/AR-10 Enhanced Polymer Trigger Guard V1 Coyote Brown Sell Sheet.pdf,https://drive.google.com/file/d/188qtCiA7bLZzOy7g1n4geDqY3lCSgQ1A/view?usp=drivesdk
BLTMAG,BLTMAG - Universal Belt Rider Mag Carrier Minimalist Pistol Magazine Holder Sell Sheet.pdf,https://drive.google.com/file/d/1eG50MzvFbUlPIEtgxr85FY_P6U4QNVD1/view?usp=drivesdk
CIP4733RD,CIP4733RD - Bolt-Action Long-Action CIP-473 Mod-3 Black 3rd Magazine Sell Sheet.pdf,https://drive.google.com/file/d/1oUFlQicWEEwk3y85rR0a8JBwj3SC8K3g/view?usp=drivesdk
CIP5323RD,CIP5323RD - Bolt-Action Long-Action CIP-532 Mod-3 Black 3rd Magazine Sell Sheet.pdf,https://drive.google.com/file/d/1NOVsz0erDSnTpU6PqrMFlKFHa1E7XYG5/view?usp=drivesdk
CIP5883RD,CIP5883RD - Bolt-Action Mod-3 Long-Action CIP-588 Black 3rd Magazine Sell Sheet.pdf,https://drive.google.com/file/d/1kIxJf7_uOiAJTeNV-93lGTAWbMgUgeJA/view?usp=drivesdk
G17MOD3BLK17,G17MOD3BLK17 - GLOCK® G17-Compatible A2-17 Mod-3 Black 17rd Magazine Sell Sheet.pdf,https://drive.google.com/file/d/1vRo6avpOILnc20X_SjyIgGYZHGWd3mCD/view?usp=drivesdk
G19MOD3BLK15,G19MOD3BLK15 - GLOCK® G19-Compatible A2-19 Mod-3 Black 15rd Magazine Sell Sheet.pdf,https://drive.google.com/file/d/1gyaks_ZuZFtY8sXzZbatJYMymDMqNKnB/view?usp=drivesdk
GLKMODCBLK34,GLKMODCBLK34 - GLOCK®-Compatible Stick Mod-C Black 34rd Magazine Sell Sheet.pdf,https://drive.google.com/file/d/1IayJIQFU2mp_S0S-7yih2twLs0b2g1Gn/view?usp=drivesdk
GLKMODCSMK34,GLKMODCSMK34 - GLOCK®-Compatible Stick Mod-C Translucent Smoke 34rd Magazine Sell Sheet.pdf,https://drive.google.com/file/d/13RZldcGzZKLdo44N4fmQIM7LwPJDiHag/view?usp=drivesdk
PGE2BLK,PGE2BLK - Pistol Grip-Enhanced 2 (PG-E2) Black Sell Sheet.pdf,https://drive.google.com/file/d/1iy8HKWOEdli7gbUBre0EDAhKJVxGVTpl/view?usp=drivesdk
PGE2CYT,PGE2CYT - Pistol Grip-Enhanced 2 (PG-E2) Coyote Brown Sell Sheet.pdf,https://drive.google.com/file/d/1sOBXSiUmFURomMHScikS7Xoi7_pq6c9W/view?usp=drivesdk
PKMAG,PKMAG - Universal Pocket Mag® Carrier Minimalist Pistol Magazine Holder Sell Sheet.pdf,https://drive.google.com/file/d/1ALiR_wFyn4TZeiTLDlMGVX1Vqx221hYx/view?usp=drivesdk
PPGBLK,PPGBLK - Priapus Pistol Grip Black Sell Sheet.pdf,https://drive.google.com/file/d/1PKDvH_y4adyCTlsLK5pBIs7qD9J1S1lJ/view?usp=drivesdk
PPGCYT,PPGCYT - Priapus Pistol Grip Coyote Brown Sell Sheet.pdf,https://drive.google.com/file/d/1n9Y2MknDU0v7DyyUS6VCzaY01VEN7AcU/view?usp=drivesdk
SAAICS65BLK3,SAAICS65BLK3 - Bolt-Action Short-Action Magnum AICS 6.5 PRC Mod-3 Black 3rd Magazine Sell Sheet.pdf,https://drive.google.com/file/d/1Qaq8Z154zCbo0KO1griWWEHbGDwPl_4G/view?usp=drivesdk
SAAICSBLK12,SAAICSBLK12 - Bolt-Action Short-Action AICS Mod-3 Black 12rd Magazine Sell Sheet.pdf,https://drive.google.com/file/d/1BZMu2gZWlh1yIPC6hvllxFVsNbxwV8I2/view?usp=drivesdk
SAAICSBLK5,SAAICSBLK5 - Bolt-Action Short-Action AICS Mod-3 Black 5rd Magazine Sell Sheet.pdf,https://drive.google.com/file/d/1PIuHSDQNTuLAKxCkvAj8M1C0aa7qMxQ1/view?usp=drivesdk
SCARMOD3BLK20,SCARMOD3BLK20 - FN® SCAR® 17S/20S-Compatible KA2-20 Mod-3 Black 20rd Magazine Sell Sheet.pdf,https://drive.google.com/file/d/1vAcW2Psbo0XQORIsIbhvy1iCkXRlOu2p/view?usp=drivesdk
SCARMOD3FDE20,SCARMOD3FDE20 - FN® SCAR® 17S/20S-Compatible KA2-20 Mod-3 Flat Dark Earth 20rd Magazine Sell Sheet.pdf,https://drive.google.com/file/d/1DY8-agAQcLTzfWBAZlF2s1Bp4DYZqqdM/view?usp=drivesdk
SCV1BLK1545,"SCV1BLK1545 - Hi-Temp Mirage Cover for Suppressors V1 Black 1.5 in. Diameter, 4.5 in. Length Sell Sheet.pdf",https://drive.google.com/file/d/1819oFJSGzqe7UVranwkpZYjm4NRUkQ4P/view?usp=drivesdk
SCV1BLK1560,"SCV1BLK1560 - Hi-Temp Mirage Cover for Suppressors V1 Black 1.5 in. Diameter, 6.0 in. Length Sell Sheet.pdf",https://drive.google.com/file/d/1xa2qC0utL2A87g2WDiH3hRrfOi40qDpP/view?usp=drivesdk
SCV1BLK1575,"SCV1BLK1575 - Hi-Temp Mirage Cover for Suppressors V1 Black 1.5 in. Diameter, 7.5 in. Length Sell Sheet.pdf",https://drive.google.com/file/d/1fK0wvGwW18SZcC8gC7cIP9xNY_S-ir8i/view?usp=drivesdk
SDTOOL,SDTOOL - Reinforced G-10 Self-Defense Tool Sell Sheet.pdf,https://drive.google.com/file/d/1itQORr5YpeiKSLFeXXBZl_75nuX43yLq/view?usp=drivesdk