File Name,SKU,Shareable Link
10:30 Limiter Assembly.png,10:30 Limiter Assembly,https://drive.google.com/file/d/1EahdZkuQNJG-qKQNt7oGUjkC3syRi53q/view?usp=drivesdk
300MOD3BLK30.png,300MOD3BLK30,https://drive.google.com/file/d/1HMJP1bTEvLLCm8wJQMZpXcl4wqiIpW3a/view?usp=drivesdk
300MOD3BLK30(1).png,300MOD3BLK30,https://drive.google.com/file/d/152CJDWXkkIL9fZroiDHiQ8L9gi6GM4BB/view?usp=drivesdk
300MOD3BLK30(2).png,300MOD3BLK30,https://drive.google.com/file/d/1BYq01wXMW-3ExNMOS5pMx0WpT_OOeRF9/view?usp=drivesdk
300MOD3BLK30(3).png,300MOD3BLK30,https://drive.google.com/file/d/17bSmcc6wCGhDdC8mX3KVSg6IFMwRjiXh/view?usp=drivesdk
3PACK556BLK30.png,3PACK556BLK30,https://drive.google.com/file/d/1lm6_vk_TrN6gNkNtoR5lWl9MtjThBOBS/view?usp=drivesdk
3PACK556BLK30(1).png,3PACK556BLK30,https://drive.google.com/file/d/1X8A1GgkS7nms7NnHPTB_20U8Ib1mFiLU/view?usp=drivesdk
556BANANA1030.png,556BANANA1030,https://drive.google.com/file/d/1T9lhQN8Cop8hs0mPrXrxNIKEHmxluT_k/view?usp=drivesdk
556BANANA1030(1).png,556BANANA1030,https://drive.google.com/file/d/1dZFgWMf5CEFzoOAgm--18fd0Exn_SAn8/view?usp=drivesdk
556BANANA1030(2).png,556BANANA1030,https://drive.google.com/file/d/1_pA8SbGGq7C0bkOT1urKSywTTAWac7oo/view?usp=drivesdk
556BANANA30.png,556BANANA30,https://drive.google.com/file/d/1lw5N48RB4-eV9gvQqCYg2p61amJZ7Bbq/view?usp=drivesdk
556BANANA30(1).png,556BANANA30,https://drive.google.com/file/d/1vvL8mHa0P54XfDkRPIyMIZQ-M9VyI375/view?usp=drivesdk
556BANANA30(2).png,556BANANA30,https://drive.google.com/file/d/1K4X35JR70A-e8XFI_6J17_hapMDG3RoL/view?usp=drivesdk
556MOD2B1030.png,556MOD2B1030,https://drive.google.com/file/d/1wFQKzuyGvnnbHibTsE6VjFhH2NVOuGBI/view?usp=drivesdk
556MOD2B1030(1).png,556MOD2B1030,https://drive.google.com/file/d/1ipDWkrx5jSJr4lUjXw-4AFmpotRbq5qQ/view?usp=drivesdk
556MOD2B1030(2).png,556MOD2B1030,https://drive.google.com/file/d/1bd3No3kU-msrt8af5JzJTW14JSEsJPf2/view?usp=drivesdk
556MOD2B1030(3).png,556MOD2B1030,https://drive.google.com/file/d/1E3ufJl5B_U0TSiKv9PfscWSb9f5OcRkN/view?usp=drivesdk
556MOD2B1030(4).png,556MOD2B1030,https://drive.google.com/file/d/1L1WYekvYXqSgshEwS1Us--VylYgzMBwk/view?usp=drivesdk
556MOD2B1520.png,556MOD2B1520,https://drive.google.com/file/d/1jQe-ovuEETlp1WR05mn9MWfOFlXXqPBg/view?usp=drivesdk
556MOD2BLK10.png,556MOD2BLK10,https://drive.google.com/file/d/1qz5-_vMInXhCg1BIXj439x_wLTe9D3JS/view?usp=drivesdk
556MOD2BLK10(1).png,556MOD2BLK10,https://drive.google.com/file/d/1X0PYLOd-ajRITLfjBUrdWQGshIcsCrXN/view?usp=drivesdk
556MOD2BLK20.jpg,556MOD2BLK20,https://drive.google.com/file/d/1Aq9Cjutu8eDVAQDLUkuMLcdX5H9sFco3/view?usp=drivesdk
556MOD2BLK20.png,556MOD2BLK20,https://drive.google.com/file/d/1UCrTUQDrbOMWMbohaK2791wcx8wozmYY/view?usp=drivesdk
556MOD2BLK20(1).png,556MOD2BLK20,https://drive.google.com/file/d/17x31LZPfP2mT3MCg-zdcJ6i2hdN6mV2j/view?usp=drivesdk
556MOD2BLK30.png,556MOD2BLK30,https://drive.google.com/file/d/17dZ1yPbEIkwvjoXneO_qzLC1U3PESKv3/view?usp=drivesdk
556MOD2BLK30(1).png,556MOD2BLK30,https://drive.google.com/file/d/1hi_WLdEi2Luh8Ev6_Dsw0sSlVzNhNWIJ/view?usp=drivesdk
556MOD2BLK30(2).png,556MOD2BLK30,https://drive.google.com/file/d/1G9o8XxsucG1lDMBqHY4n2ead6Ao4qP8Y/view?usp=drivesdk
556MOD2DDC30.png,556MOD2DDC30,https://drive.google.com/file/d/1EOnZzxQiPg8jOWx7gGFDQsKLMrRJuXLs/view?usp=drivesdk
556MOD2DDC30(1).png,556MOD2DDC30,https://drive.google.com/file/d/1w3R7srMQFEN6aJcrd9ruPY7jPIPhg75S/view?usp=drivesdk
556MOD2DDC30(2).png,556MOD2DDC30,https://drive.google.com/file/d/1SviJH5nZ06SfpgqsracLS2uRU8XHqhhu/view?usp=drivesdk
556MOD2DFRG30.png,556MOD2DFRG30,https://drive.google.com/file/d/18GG244lfGKqzTjr94J2ttE-WZ9FAPhuZ/view?usp=drivesdk
556MOD2DFRG30(1).png,556MOD2DFRG30,https://drive.google.com/file/d/1PI2TzgtLupTRgULMCSoIsTm3r-XrVz0b/view?usp=drivesdk
556MOD2DFRG30(2).png,556MOD2DFRG30,https://drive.google.com/file/d/1Ey69tdbBlwqygAvFAaB4aAKn5XQsOlCD/view?usp=drivesdk
556MOD2DNC30.png,556MOD2DNC30,https://drive.google.com/file/d/11LDt1XbxmNdKJ8r2esMGotwJezwbK-iB/view?usp=drivesdk
556MOD2DNC30(1).png,556MOD2DNC30,https://drive.google.com/file/d/1l6AVLROWhvAh-ejMKiKo77_kzABf5zlv/view?usp=drivesdk
556MOD2DNC30(2).png,556MOD2DNC30,https://drive.google.com/file/d/1522ECexehAXwO84NmZ2L7KPqBThJsXYe/view?usp=drivesdk
556MOD2F1030.png,556MOD2F1030,https://drive.google.com/file/d/19fj-PV0Sg2QrICjiHqambMJ-a6pTZmEY/view?usp=drivesdk
556MOD2FDE10.png,556MOD2FDE10,https://drive.google.com/file/d/1rpa-hpJx7qNcEN7z7yMimlFBnZtIZlB3/view?usp=drivesdk
556MOD2FDE10(1).png,556MOD2FDE10,https://drive.google.com/file/d/1mLBnvxcjbt5IBvATbJTuFZl1lTfO6emF/view?usp=drivesdk
556MOD2FDE20.png,556MOD2FDE20,https://drive.google.com/file/d/146cq0fMizEhz2IsYDQ2XiaGyE4Qe7mCl/view?usp=drivesdk
556MOD2FDE20(1).png,556MOD2FDE20,https://drive.google.com/file/d/1C9rke-FSZd5S1-HiB1t-04avZIeU8MOp/view?usp=drivesdk
556MOD2FDE30.png,556MOD2FDE30,https://drive.google.com/file/d/1XCPAHtAUTIdEYl1sjhX895mQ4z82tH4A/view?usp=drivesdk
556MOD2FDE30(1).png,556MOD2FDE30,https://drive.google.com/file/d/1bReHaSsVbCOMkcbn4a9rd_F3oz5WoQI6/view?usp=drivesdk
556MOD2FTRN30.png,556MOD2FTRN30,https://drive.google.com/file/d/13l3DtLIb9IC1XJ5ndExQ26xO-irNtCO0/view?usp=drivesdk
556MOD2FTRN30(1).png,556MOD2FTRN30,https://drive.google.com/file/d/1autZAJ6Zt1FJ80Ihmt644RjqG-su3vYu/view?usp=drivesdk
556MOD2FTRN30(2).png,556MOD2FTRN30,https://drive.google.com/file/d/1Uht2Z1JxCeG1-9nvJn4pueiup_UwGaln/view?usp=drivesdk
556MOD2GFT30.png,556MOD2GFT30,https://drive.google.com/file/d/1kBJosut2UQeVCnLuZouxAjhLZWQ3asQ_/view?usp=drivesdk
556MOD2GFT30(1).png,556MOD2GFT30,https://drive.google.com/file/d/1fauBXIrA44C2JdQEv2dQdhL4K5ZPw3ij/view?usp=drivesdk
556MOD2GFT30(2).png,556MOD2GFT30,https://drive.google.com/file/d/1yMmAxFwxuLdbewNuSBV9rNmswxesXEGJ/view?usp=drivesdk
556MOD2GRY10.png,556MOD2GRY10,https://drive.google.com/file/d/17IdezNrI3DDUb0GAki_Fl6zxprSlWHYk/view?usp=drivesdk
556MOD2GRY10(1).png,556MOD2GRY10,https://drive.google.com/file/d/1_505R66zI1hauyj6XKE1cdU9VECXA9bd/view?usp=drivesdk
556MOD2GRY20.png,556MOD2GRY20,https://drive.google.com/file/d/1lj9F_1EhsMmcmz0Znx5eqTDklK6XvPQ-/view?usp=drivesdk
556MOD2GRY20(1).png,556MOD2GRY20,https://drive.google.com/file/d/11apHoDCKxoE8IDYoAxItEDHPgNBsFFq8/view?usp=drivesdk
556MOD2GRY30.png,556MOD2GRY30,https://drive.google.com/file/d/1uKKCMfkZtkAtq3KrjDHua5GNqAF2uQa5/view?usp=drivesdk
556MOD2GRY30(1).png,556MOD2GRY30,https://drive.google.com/file/d/1jWKG0QuiBT1gg8GTVop1TQRXF-wiNvFF/view?usp=drivesdk
556MOD2ODG10.png,556MOD2ODG10,https://drive.google.com/file/d/1CSc0BLJUCIyi__340Jxq3b5kJvi0JTkV/view?usp=drivesdk
556MOD2ODG10(1).png,556MOD2ODG10,https://drive.google.com/file/d/1mghZHI4gQUoDZnSWh2PsaQCoC1Asdfzv/view?usp=drivesdk
556MOD2ODG20.png,556MOD2ODG20,https://drive.google.com/file/d/1Lh5R9SBzHPC34Khvj1vzig_xkNXGdNmw/view?usp=drivesdk
556MOD2ODG20(1).png,556MOD2ODG20,https://drive.google.com/file/d/1HpMdUcUREa1KDaa6b6Rzd_nrh_SURuEK/view?usp=drivesdk
556MOD2ODG30.png,556MOD2ODG30,https://drive.google.com/file/d/1fJLpQgPnhceqv8MQeHRpXteoSc4AgaRr/view?usp=drivesdk
556MOD2ODG30(1).png,556MOD2ODG30,https://drive.google.com/file/d/1mfDcCjw4O6aktwrITufKaQ7zrpCcujjP/view?usp=drivesdk
556MOD3B1030.png,556MOD3B1030,https://drive.google.com/file/d/1DzH8T5DBClZv5D0Uci3ViflSUXWgkSKa/view?usp=drivesdk
556MOD3B1030(1).png,556MOD3B1030,https://drive.google.com/file/d/1hUMKgp3iZvY6YlsYsO9su_09Z0rKXCdb/view?usp=drivesdk
556MOD3BLK30.png,556MOD3BLK30,https://drive.google.com/file/d/1ybugaQrQM4JElJzBchlQ_I_5JeN9jH45/view?usp=drivesdk
556MOD3BLK30(1).png,556MOD3BLK30,https://drive.google.com/file/d/17ZLoU4Jw6WrZceTrUCkL3hKoc0KltltG/view?usp=drivesdk
556MOD3BLK30(2).png,556MOD3BLK30,https://drive.google.com/file/d/1lYPvaGRkF69GCpguCnhe9PKlGpxXxtxk/view?usp=drivesdk
556MOD3BLK30(3).png,556MOD3BLK30,https://drive.google.com/file/d/1A22eDEiWdyU9gRSsUEViIvTSrQzWvWtP/view?usp=drivesdk
556MOD3CYT30.png,556MOD3CYT30,https://drive.google.com/file/d/1cGXkAQP1M0Y3X5aLU994NJrDRV3RyPEi/view?usp=drivesdk
556MOD3CYT30(1).png,556MOD3CYT30,https://drive.google.com/file/d/1jAfyerXL-AYBc_qx43VDOP9CXfWQYPLb/view?usp=drivesdk
556MOD3CYT30(2).png,556MOD3CYT30,https://drive.google.com/file/d/1cMQbEqcB3RzZYeMbDkwHrxIBm2LGdLoX/view?usp=drivesdk
556MOD3DT130.png,556MOD3DT130,https://drive.google.com/file/d/18MwNkckdJ_NWIRqtkfVM2LB4xkNaU_Nr/view?usp=drivesdk
556MOD3DT130(1).png,556MOD3DT130,https://drive.google.com/file/d/1drm81woVumf_Bb-2pTMESZPPMLpBXCcw/view?usp=drivesdk
556MOD3DT130(2).png,556MOD3DT130,https://drive.google.com/file/d/10GvyH98GSbh2fNFcI2ZU1HydNwRxC95z/view?usp=drivesdk
556MOD3FLAG30.png,556MOD3FLAG30,https://drive.google.com/file/d/1PQgqBO26vdwDIThTmB6YDjViXETtXilL/view?usp=drivesdk
556MOD3FLAG30(1).png,556MOD3FLAG30,https://drive.google.com/file/d/1Eo2w10FJeocnFlK-mQE07BGBTdMmRrWe/view?usp=drivesdk
556MOD3FLAG30(2).png,556MOD3FLAG30,https://drive.google.com/file/d/1j4lghNHJkmYtA-3J5-EIn08JyMaVXt1q/view?usp=drivesdk
556MOD3MC30.png,556MOD3MC30,https://drive.google.com/file/d/1XNCsyScBjnRpTEEwsjSSbcFkbNp_tZl7/view?usp=drivesdk
556MOD3MC30(1).png,556MOD3MC30,https://drive.google.com/file/d/1sPGAt6ovi0HtDcmH1RHq9GBu5nCzS7j4/view?usp=drivesdk
556MOD3MCA30.png,556MOD3MCA30,https://drive.google.com/file/d/1qmyZdPR8Kp8VCdHlbNzWsHDKtmE2172W/view?usp=drivesdk
556MOD3MCA30(1).png,556MOD3MCA30,https://drive.google.com/file/d/1MiuiWzJLGsERh--noA7_Gl9ixmuUm9pA/view?usp=drivesdk
556MOD3MCB30.png,556MOD3MCB30,https://drive.google.com/file/d/1ILTPfzkcV4RteRwoh_ZH1eYmDrwi8mE2/view?usp=drivesdk
556MOD3MCB30(1).png,556MOD3MCB30,https://drive.google.com/file/d/1FUv90Dql83dEjYde839K0biNkGSjMB1V/view?usp=drivesdk
556MOD3MCB30(2).png,556MOD3MCB30,https://drive.google.com/file/d/1Wqt3w1Q30DZ1cCJ2XBPzry2upb92dX0r/view?usp=drivesdk
556MOD3MCT30.png,556MOD3MCT30,https://drive.google.com/file/d/1EXdYwbsBzHdqgRzM09KmNa3pYSdvDSfF/view?usp=drivesdk
556MOD3MCT30(1).png,556MOD3MCT30,https://drive.google.com/file/d/11UlCIghiNhkLGWDFazCfu00v3EBOMkp3/view?usp=drivesdk
556MOD3MCT30(2).png,556MOD3MCT30,https://drive.google.com/file/d/11-QGy77Ggw_Q5R0dNj3cyJzwD0Pr18NV/view?usp=drivesdk
556MOD3NEON30.png,556MOD3NEON30,https://drive.google.com/file/d/1tI5Vx2tc43MwWbEyDVxOTpV4f-Bx8S_C/view?usp=drivesdk
556MOD3NEON30(1).png,556MOD3NEON30,https://drive.google.com/file/d/1jr-9SEXqmFv4Hqa6xaZ2L5WhIefYf8Ll/view?usp=drivesdk
556MOD3NEON30(2).png,556MOD3NEON30,https://drive.google.com/file/d/1vHYy8mFigzDfm_8kQKWUlIAkbjX5MuPr/view?usp=drivesdk
556MOD3SBWL30.png,556MOD3SBWL30,https://drive.google.com/file/d/1wXK0vMahcmqYnarUn88ZEKft0_oG5fDC/view?usp=drivesdk
556MOD3SBWL30(1).png,556MOD3SBWL30,https://drive.google.com/file/d/18_57jO6rB2GBNmdJiqLC9Snj0oeL5XH7/view?usp=drivesdk
556MOD3SBWL30(2).png,556MOD3SBWL30,https://drive.google.com/file/d/16QmNWa-R8SHdBDooO-L23ZGYTZdzsKld/view?usp=drivesdk
556MODAB1030.png,556MODAB1030,https://drive.google.com/file/d/1i0SQpGTDkBgxAXp3_sgqsVMgKPL_yWsV/view?usp=drivesdk
556MODAB1030(1).png,556MODAB1030,https://drive.google.com/file/d/1fsGleBvfT6NbHe2A0xKAp6akokL-HLES/view?usp=drivesdk
556MODAB1520.png,556MODAB1520,https://drive.google.com/file/d/1QbSD4BvTCQndLnSyfbgIZIi7HBqkKyWb/view?usp=drivesdk
556MODAB1520(1).png,556MODAB1520,https://drive.google.com/file/d/1fmysgzbqREApmF2GlNzVaGJ2SGfK9c5r/view?usp=drivesdk
556MODAB25030.png,556MODAB25030,https://drive.google.com/file/d/17WzR-7FOYbOB8vxx5S_VI0whkWXIzRpV/view?usp=drivesdk
556MODAB25030(1).png,556MODAB25030,https://drive.google.com/file/d/18trIX93JUPLNbLNlBR5oBQsJoOW6iAQF/view?usp=drivesdk
556MODAB25030(2).png,556MODAB25030,https://drive.google.com/file/d/1pd3fHzro8yKdOtaFpOI3eWaHpN421S8C/view?usp=drivesdk
556MODABBSW30.png,556MODABBSW30,https://drive.google.com/file/d/1Q28ZU2tCCEPJmVfj_VriHzwWC6C_-U9Q/view?usp=drivesdk
556MODABBSW30(1).png,556MODABBSW30,https://drive.google.com/file/d/1H-ypi-coPLMFeMyCT0Zpj-UJiLrJ1wvH/view?usp=drivesdk
556MODABBSW30(2).png,556MODABBSW30,https://drive.google.com/file/d/1YwLkXJvwOsUAQdPkf9_V4YKgYdvXV4q_/view?usp=drivesdk
556MODABCOW30.png,556MODABCOW30,https://drive.google.com/file/d/1t4Gx3lkmYTEe_K3L31k3yT0LSPK4QZ85/view?usp=drivesdk
556MODABCOW30(1).png,556MODABCOW30,https://drive.google.com/file/d/1DTeOlwYBYwS6wxvd0dv955ljV-LoaZI-/view?usp=drivesdk
556MODABCOW30(2).png,556MODABCOW30,https://drive.google.com/file/d/1EkTrrQHHCLwDZaazrOLZVVwN0h0FQGPe/view?usp=drivesdk
556MODABDNC30.png,556MODABDNC30,https://drive.google.com/file/d/1wDWMKXodY68blpwCtXClaEWvq4jgoBxX/view?usp=drivesdk
556MODABDNC30(1).png,556MODABDNC30,https://drive.google.com/file/d/1xopK6MfEncbbWnQMnurPqsO9HPLmQbNN/view?usp=drivesdk
556MODABDNC30(2).png,556MODABDNC30,https://drive.google.com/file/d/1viRiQuWk5MiiAkZNd0dmrX8Zm7coy7P0/view?usp=drivesdk
556MODABJZZ30.png,556MODABJZZ30,https://drive.google.com/file/d/1wMZ8sYVxqi6i94wAGcJ8cuhMYVsNqV6q/view?usp=drivesdk
556MODABLK10.png,556MODABLK10,https://drive.google.com/file/d/1NvNyi5nqhCTxQchTWaXFs8begoudUy14/view?usp=drivesdk
556MODABLK10(1).png,556MODABLK10,https://drive.google.com/file/d/1Gvt6WXF1dh6p3NaD9PVsfxRAR1HfuPqd/view?usp=drivesdk
556MODABLK10(2).png,556MODABLK10,https://drive.google.com/file/d/1cS-02UAinevnIwqJL7wjpp7sSO-otGS1/view?usp=drivesdk
556MODABLK20.png,556MODABLK20,https://drive.google.com/file/d/1dTaLkaiO-VSc5x3D39669eNSs3PtAzng/view?usp=drivesdk
556MODABLK20(1).png,556MODABLK20,https://drive.google.com/file/d/1cQWQLMA3VfMrd5GaD1Whsv8q4n3vSFve/view?usp=drivesdk
556MODABLK30.png,556MODABLK30,https://drive.google.com/file/d/1SronwqURYSkEiBzwP-0YxShNh0cMvgcD/view?usp=drivesdk
556MODABLK30(1).png,556MODABLK30,https://drive.google.com/file/d/1d2YwVoszSXVqCLEoU5xha9_mSBiGY8UO/view?usp=drivesdk
556MODABM8130.png,556MODABM8130,https://drive.google.com/file/d/1cX1y5gMMa3nfdZ08mp_GVI87BLn8ouLx/view?usp=drivesdk
556MODABM8130(1).png,556MODABM8130,https://drive.google.com/file/d/1NyreR6UNW6YEYQ2LjqIb9kEqof5Ofnq8/view?usp=drivesdk
556MODABM8130(2).png,556MODABM8130,https://drive.google.com/file/d/1bqVeHp2omYE1B-RmTKvg2LJi-sVlUWPT/view?usp=drivesdk
556MODABOF30.png,556MODABOF30,https://drive.google.com/file/d/1R5juAsOOQgzUKVVa0lJy4wgpiTXfFyNi/view?usp=drivesdk
556MODABOF30(1).png,556MODABOF30,https://drive.google.com/file/d/1t0rLSvHmLT3_NrAWrsJ4gScjr0dniMnB/view?usp=drivesdk
556MODABOF30(2).png,556MODABOF30,https://drive.google.com/file/d/1knJTBjGMzQE2ZrVs2PAFRyQJ-J4ttHq8/view?usp=drivesdk
556MODABOTS30.png,556MODABOTS30,https://drive.google.com/file/d/1pT7hm79J7Tow_QsfN6tRGhM4qMuJmkbZ/view?usp=drivesdk
556MODABOTS30(1).png,556MODABOTS30,https://drive.google.com/file/d/1WM6rvtWAEmkuk02ZIs7qPAh_dbFbCJfr/view?usp=drivesdk
556MODABOTS30(2).png,556MODABOTS30,https://drive.google.com/file/d/17k6IOJ9Vg0RssYPARXpIki0VRq6DjOL-/view?usp=drivesdk
556MODABUTS30.png,556MODABUTS30,https://drive.google.com/file/d/1SPrw_m3DzZ8tk0GX5IKDG2nYvMvlVkgJ/view?usp=drivesdk
556MODABUTS30(1).png,556MODABUTS30,https://drive.google.com/file/d/1aiQo5LbBEiKqX5zt0eIZ3dCDCIehgyzU/view?usp=drivesdk
556MODABUTS30(2).png,556MODABUTS30,https://drive.google.com/file/d/1sCalzHh77DtvHXqKXfdqTW9xNyKpdHDC/view?usp=drivesdk
556MODACDCC30.png,556MODACDCC30,https://drive.google.com/file/d/1mNIo_OCP8L8kSdXBcLgQZa7JXVLTn2Da/view?usp=drivesdk
556MODACDCC30(1).png,556MODACDCC30,https://drive.google.com/file/d/1Lo6cUgHTPQMpkdaUonolnoZFEwH05rz7/view?usp=drivesdk
556MODACDCC30(2).png,556MODACDCC30,https://drive.google.com/file/d/1ALELfrbBFZ63kJd9ZFOiiBvWcXrUtZ_y/view?usp=drivesdk
556MODACDFG30.png,556MODACDFG30,https://drive.google.com/file/d/1BKI-ts9Dqpzy-M85x1vDtNSybD9GqDc-/view?usp=drivesdk
556MODACDFG30(1).png,556MODACDFG30,https://drive.google.com/file/d/1YQNHxDpQmcVQokYnnGiK4hhCg0LZl0a0/view?usp=drivesdk
556MODACDFG30(2).png,556MODACDFG30,https://drive.google.com/file/d/1VANpoi_4LKcTt3fAc9z448lf9s7N4kjF/view?usp=drivesdk
556MODACMBS30.png,556MODACMBS30,https://drive.google.com/file/d/1goYOIXxDLqlOk9dNw10Wa7ihGn062btF/view?usp=drivesdk
556MODACMBS30(1).png,556MODACMBS30,https://drive.google.com/file/d/1kRI2Ih1IBkIZn2fujvOxVO86nvikBure/view?usp=drivesdk
556MODACMBS30(2).png,556MODACMBS30,https://drive.google.com/file/d/19FdXLP9pygcdYa_RQ57l8aEoHo3QVNHH/view?usp=drivesdk
556MODACRBS30.png,556MODACRBS30,https://drive.google.com/file/d/1M9x41QSoavcj0eKg4d2_aPYArPQSKYjI/view?usp=drivesdk
556MODACRBS30(1).png,556MODACRBS30,https://drive.google.com/file/d/1SlyImqm5jWXm21fExkozgS44Ls19y0_2/view?usp=drivesdk
556MODACRBS30(2).png,556MODACRBS30,https://drive.google.com/file/d/1KscIbNBA5frqZtcxLUlHFRLiJJDbotyW/view?usp=drivesdk
556MODACYT10.png,556MODACYT10,https://drive.google.com/file/d/1gbD_yCr4hf8UfCeI7Oab1UyJsd02Tc6e/view?usp=drivesdk
556MODACYT20.png,556MODACYT20,https://drive.google.com/file/d/10Vf__zjhURLM8o6GkU703LE_GpxhpMC-/view?usp=drivesdk
556MODACYT30.png,556MODACYT30,https://drive.google.com/file/d/15Gc9n1-zvFmqzXg5Hfb_9tpvClWA7mhF/view?usp=drivesdk
556MODACYT30(1).png,556MODACYT30,https://drive.google.com/file/d/1zZUEG5raLj6lwQQy5ZUYLl_yN1SJK7R6/view?usp=drivesdk
556MODCB1030(1).png,556MODCB1030,https://drive.google.com/file/d/1LDdQz6RtcUbolkvlEMtyLR_EOCP5EWae/view?usp=drivesdk
556MODCBAN30.png,556MODCBAN30,https://drive.google.com/file/d/1hm-aOUrvWdpNJvdT-A14X8vkxbAIfuag/view?usp=drivesdk
556MODCBAN30(1).png,556MODCBAN30,https://drive.google.com/file/d/1nzJuU8sTSMHE01ixguB6T5zsRot2ybIL/view?usp=drivesdk
556MODCBAN30(2).png,556MODCBAN30,https://drive.google.com/file/d/1hv9bzKC7H7W57tlhLE_OWHl3_0nr0eAN/view?usp=drivesdk
556MODCBLU30.png,556MODCBLU30,https://drive.google.com/file/d/1Qs_6oBwvKQfN0NeWgixjcoh5iaV9rZFT/view?usp=drivesdk
556MODCBSPL30.png,556MODCBSPL30,https://drive.google.com/file/d/1lCv2P28Phj8na5mtPs0w-scr5_6v9Jio/view?usp=drivesdk
556MODCCFLG30.png,556MODCCFLG30,https://drive.google.com/file/d/1Bb3K0UJm8-9p1zSKbTzbb_U-MxJdU2sG/view?usp=drivesdk
556MODCCFLG30(1).png,556MODCCFLG30,https://drive.google.com/file/d/1YuSQoT8VONu8qFOFm8VR3qzq853HBbCo/view?usp=drivesdk
556MODCCFLG30(2).png,556MODCCFLG30,https://drive.google.com/file/d/1RTw9aGKwiAJcHjttVeP7vBTEfj4wzUo0/view?usp=drivesdk
556MODCCLR30.png,556MODCCLR30,https://drive.google.com/file/d/1DVwVFEP5UGialE8J6M9Ev6Qv_Eeml-vO/view?usp=drivesdk
556MODCCLR30(1).png,556MODCCLR30,https://drive.google.com/file/d/1OnDzz4yTY3Z_t3i6Ocuv6PH6CXhKIl6H/view?usp=drivesdk
556MODCCLR30(3).png,556MODCCLR30,https://drive.google.com/file/d/1A6sFD0bC0jpItMapZCEuewN-VOCNxjLB/view?usp=drivesdk
556MODCDTOM30.png,556MODCDTOM30,https://drive.google.com/file/d/1GBvaT5hlUUM57I7fQlUuDflwIaHMC685/view?usp=drivesdk
556MODCDTOM30(1).png,556MODCDTOM30,https://drive.google.com/file/d/1jFlFRwGOV0UKDAd5D1hmflF6E0NCUtwu/view?usp=drivesdk
556MODCDTOM30(2).png,556MODCDTOM30,https://drive.google.com/file/d/1DaYZW1dFBbW7b8ftAAX_29xXdxSDCn0R/view?usp=drivesdk
556MODCGLOW30.png,556MODCGLOW30,https://drive.google.com/file/d/1DLA9kPpCzUcRKCI0VdemvwRbv_iBRX6F/view?usp=drivesdk
556MODCGLOW30(1).png,556MODCGLOW30,https://drive.google.com/file/d/17SltDsM7AqQzKAfDOWacVmtbc5wZ4rqQ/view?usp=drivesdk
556MODCGLOW30(2).png,556MODCGLOW30,https://drive.google.com/file/d/1mzoa1KF2HGXvrgPe_xN8VPiCqTWrpIrU/view?usp=drivesdk
556MODCGLOW30(3).png,556MODCGLOW30,https://drive.google.com/file/d/1eePQ6xCSnrYTaa6ATXP0pjSbJg61djLT/view?usp=drivesdk
556MODCGLOW30(4).png,556MODCGLOW30,https://drive.google.com/file/d/1AfGTj2oyeOjDUVVK8kQdL78lJfpa2yU7/view?usp=drivesdk
556MODCJAZZ30.png,556MODCJAZZ30,https://drive.google.com/file/d/1IKwlltCNuZ8LzJa-HgWW0QRDrXDvszgi/view?usp=drivesdk
556MODCJAZZ30(1).png,556MODCJAZZ30,https://drive.google.com/file/d/1a2dBqyBjxjs3J3rIyEHUwR6LZwvfSgZJ/view?usp=drivesdk
556MODCJAZZ30(2).png,556MODCJAZZ30,https://drive.google.com/file/d/1WWMh8ZGxBKRZwR7cpDirvulz8l3MwFm9/view?usp=drivesdk
556MODCJAZZ30(3).png,556MODCJAZZ30,https://drive.google.com/file/d/1_1uJ-Sz6jJt0rDsPoJxcyuPMNf2yBCZA/view?usp=drivesdk
556MODCODG30.png,556MODCODG30,https://drive.google.com/file/d/1odIFzFuuIi1MeUaZwCwOJZrtA-Qq6Ws6/view?usp=drivesdk
556MODCODG30(1).png,556MODCODG30,https://drive.google.com/file/d/1EdNVXNT7txhTwf5QfoTUGAEJwR0l5GUp/view?usp=drivesdk
556MODCODG30(2).png,556MODCODG30,https://drive.google.com/file/d/1X3zubByO8_dMqwJvotMHjijP5xMmcRtE/view?usp=drivesdk
556MODCORG30.png,556MODCORG30,https://drive.google.com/file/d/1dLGiYc27Xwr-XSC1HdrLmilcPvtzP2lN/view?usp=drivesdk
556MODCPDNC30.png,556MODCPDNC30,https://drive.google.com/file/d/1kkO5Fr-TkFTomFoW3NDh0Jn5wf7ZYyVn/view?usp=drivesdk
556MODCPDNC30(1).png,556MODCPDNC30,https://drive.google.com/file/d/1AkGY_fb1YWc1FWuBAgQcF_OcGqU65Uh3/view?usp=drivesdk
556MODCPDNC30(2).png,556MODCPDNC30,https://drive.google.com/file/d/1mUzWybO_kvYWs4So0b_s5zgTYHzjM2yt/view?usp=drivesdk
556MODCPILL30.png,556MODCPILL30,https://drive.google.com/file/d/11gRjpOOZMNOHeGS1pGC9epnpGorCvPbj/view?usp=drivesdk
556MODCPNK30.png,556MODCPNK30,https://drive.google.com/file/d/1vkY9VzZ1wXF48l0Kc_ZTBpURuTzINCzG/view?usp=drivesdk
556MODCPNK30(1).png,556MODCPNK30,https://drive.google.com/file/d/1QiZD-5sgWuJeviK9Kf6rZoUSVNZjCpDR/view?usp=drivesdk
556MODCPNK30(2).png,556MODCPNK30,https://drive.google.com/file/d/1bXTIo4WIaPBHLHNyU8c2nkWpckwR4_-X/view?usp=drivesdk
556MODCPTGS30.png,556MODCPTGS30,https://drive.google.com/file/d/12l5xltDBgPpdrr44WWI_oKgTYpx9w5C-/view?usp=drivesdk
556MODCS1030.png,556MODCS1030,https://drive.google.com/file/d/101a5F5fdVG0lb97HaAIFhlbTBwyf8xBL/view?usp=drivesdk
556MODCS1030(1).png,556MODCS1030,https://drive.google.com/file/d/1vm7uvMavze5UPmEozbqagQJl523ZtW45/view?usp=drivesdk
556MODCSMK30.png,556MODCSMK30,https://drive.google.com/file/d/1520Su8nwe6gFvHYpeNhwubcazrNKxQ8s/view?usp=drivesdk
556MODCSPR30.png,556MODCSPR30,https://drive.google.com/file/d/19D-eZ4HvKXLFTuAkhOfkgo6p8G4nD4s2/view?usp=drivesdk
556MODCSPR30(1).png,556MODCSPR30,https://drive.google.com/file/d/18mdmPhIgSQekHwNbFS7ZKCz_EymFOTZf/view?usp=drivesdk
556MODCTEA30.png,556MODCTEA30,https://drive.google.com/file/d/1X_wwrRma4ST79jGrbHmfrxvz73mUq_Fu/view?usp=drivesdk
556MODCTEA30(1).png,556MODCTEA30,https://drive.google.com/file/d/1sv2eZSjZoC1Wedast6-twdM3t3CU4jdx/view?usp=drivesdk
556MODCTEA30(2).png,556MODCTEA30,https://drive.google.com/file/d/1_-kPkOSmI64vLhTqQf7tT_hVtGNcP9WD/view?usp=drivesdk
556MODCTEA30(3).png,556MODCTEA30,https://drive.google.com/file/d/129y0ixi5DZ2y0YDRAi944eHdy-nBd-1Q/view?usp=drivesdk
556MODCTGST30.png,556MODCTGST30,https://drive.google.com/file/d/1Ew_kqfAqKLHxCQ-wx5QmMQlmEPZkIls7/view?usp=drivesdk
556MODCTGST30(1).png,556MODCTGST30,https://drive.google.com/file/d/1OlkypOeFkDdlDX1vqHfW4ok6XXKw7Dgp/view?usp=drivesdk
556MODCTGST30(2).png,556MODCTGST30,https://drive.google.com/file/d/1CfXNV3tBNCnP4vYxhS0xl9i41mxpaaD4/view?usp=drivesdk
556MODCVICE30.png,556MODCVICE30,https://drive.google.com/file/d/1aB0RE2ax5_5nwyn_F84Lqk7UoxcNo77l/view?usp=drivesdk
556MODCVICE30(1).png,556MODCVICE30,https://drive.google.com/file/d/14EYBSjYxVWaTLiJhvp_d64Bm6fd28o5g/view?usp=drivesdk
556MODCVICE30(2).png,556MODCVICE30,https://drive.google.com/file/d/1F1nOtZUBVVxz2eIB6mNriSmuLjnv4wX8/view?usp=drivesdk
556MODCVICE30(3).png,556MODCVICE30,https://drive.google.com/file/d/1bOC3FDP8ZHGRpTtuc_CfkBFHj48uBc_g/view?usp=drivesdk
556MODCYLW30.png,556MODCYLW30,https://drive.google.com/file/d/1tNEoKUBtn-p3kBI3KZUWxL9Bxf4WGBHU/view?usp=drivesdk
556MODCYLW30(1).png,556MODCYLW30,https://drive.google.com/file/d/1czrOn2a-lxyd3_tTQETskfRyyETFV4Wq/view?usp=drivesdk
556MODCYLW30(2).png,556MODCYLW30,https://drive.google.com/file/d/1VGow2mxzPk6tq8t0EniMhIfl0KG1wV1f/view?usp=drivesdk
556SPRINK1030.png,556SPRINK1030,https://drive.google.com/file/d/11MsANhyyO5T4eBBf0lyCK64ds8mIGROO/view?usp=drivesdk
556SPRINK1030(1).png,556SPRINK1030,https://drive.google.com/file/d/1hL22Klzo_cBj9s0HLKaYz9WdlX4p8P_5/view?usp=drivesdk
556SPRINK1030(2).png,556SPRINK1030,https://drive.google.com/file/d/1TcNVxnkCtHcAE-IJmJFCs0cpSujQ5-Ev/view?usp=drivesdk
556SPRINKLE30.png,556SPRINKLE30,https://drive.google.com/file/d/1dcm5KT86BoTx8_ocsBPqb7V34AugCuQH/view?usp=drivesdk
556SPRINKLE30(1).png,556SPRINKLE30,https://drive.google.com/file/d/1M9i7ViHBDOZIPaPjdtOhM7DhijLDutXU/view?usp=drivesdk
556SPRINKLE30(2).png,556SPRINKLE30,https://drive.google.com/file/d/1g5aAph6WN2uXxh7xCVlfzfZBqAJ1T7lG/view?usp=drivesdk
65GRENDBLK10.png,65GRENDBLK10,https://drive.google.com/file/d/1RoHWTPKwH63jseFQ0UC-F-1NUxPDPVXU/view?usp=drivesdk
65GRENDBLK10(1).png,65GRENDBLK10,https://drive.google.com/file/d/1Yb50WkTiUxrEOCSuNdAQqtv8Kv6g0pIj/view?usp=drivesdk
65GRENDBLK10(2).png,65GRENDBLK10,https://drive.google.com/file/d/1wDmqfLN9RqukMkia6ksULCsRb-0NSBhO/view?usp=drivesdk
65GRENDBLK10(3).png,65GRENDBLK10,https://drive.google.com/file/d/1CT_6evIDA_Zy8Re7M-fuTyFV6676pc3r/view?usp=drivesdk
762MOD2BLK10.png,762MOD2BLK10,https://drive.google.com/file/d/1e_txmG5oV1mLdrcc8QKYzfx_vK7Wqy8T/view?usp=drivesdk
762MOD2BLK10(1).png,762MOD2BLK10,https://drive.google.com/file/d/15Y3JOY5Klj6lX3hM0f3fts1CEtTmDK2M/view?usp=drivesdk
762MOD2BLK20.png,762MOD2BLK20,https://drive.google.com/file/d/1evZa7WKGg3mPYqjsS5c8pax_abknEYHy/view?usp=drivesdk
762MOD2BLK20(1).png,762MOD2BLK20,https://drive.google.com/file/d/17pHM3Z4h9mW4PcT4B-2-_xpquBVWCxG3/view?usp=drivesdk
762MOD2FDE10.png,762MOD2FDE10,https://drive.google.com/file/d/16LCcVQ9rQ40uBOfM0ocefj3Kvxfv_EAW/view?usp=drivesdk
762MOD2FDE10(1).png,762MOD2FDE10,https://drive.google.com/file/d/19XRkxKghW6JDAoxq1qYfGxVtVLEoR3Js/view?usp=drivesdk
762MOD2FDE20.png,762MOD2FDE20,https://drive.google.com/file/d/1g7lYLMcfJquOr2q5tl6lyOZ3WX1behzG/view?usp=drivesdk
762MOD2GRY10.png,762MOD2GRY10,https://drive.google.com/file/d/13tbOCNmQNrAEgiWyiJLY4O4Xd3WDHyto/view?usp=drivesdk
762MOD2GRY10(1).png,762MOD2GRY10,https://drive.google.com/file/d/1TCA4-VhzRc4LvdVDIQU2o1r9fXHKj1Q_/view?usp=drivesdk
762MOD2GRY20.png,762MOD2GRY20,https://drive.google.com/file/d/1sq_IZA1YbrtqcjRTIAjkWcNqgbEd7Orx/view?usp=drivesdk
762MOD2ODG10.png,762MOD2ODG10,https://drive.google.com/file/d/1H3ih7nGGckeakrarXXBiyyLu40Zyo4NP/view?usp=drivesdk
762MOD2ODG20.png,762MOD2ODG20,https://drive.google.com/file/d/19QrM95Kx5aAnnIeol2krOViNHeUR6kPI/view?usp=drivesdk
762MODABLK10.png,762MODABLK10,https://drive.google.com/file/d/12fCjOoMeLfjmwtkmxOsuAMr-oIfuxeTW/view?usp=drivesdk
762MODABLK20.png,762MODABLK20,https://drive.google.com/file/d/1ujG6CNYRzQ5KKkgXxbMFF4Fnoc4wcd6i/view?usp=drivesdk
A2A320FULLBLK.png,A2A320FULLBLK,https://drive.google.com/file/d/1WyAmGKNixA4HollVPgDRSPSsWm_6uQ_n/view?usp=drivesdk
A2A320FULLBLK(1).png,A2A320FULLBLK,https://drive.google.com/file/d/1kqqe_2JHCu5AR68zMMdLri6wY3p6hEXB/view?usp=drivesdk
A2A320HYBRID.png,A2A320HYBRID,https://drive.google.com/file/d/1qynWU2z8KrKzNSWEsaTIG-CVKSVXIPXo/view?usp=drivesdk
A2A320HYBRID(1).png,A2A320HYBRID,https://drive.google.com/file/d/1hKDUGpgTT0plvbHDzeTIhs8NACJlHfRl/view?usp=drivesdk
A2A320HYBRID(2).png,A2A320HYBRID,https://drive.google.com/file/d/1v4EZFnZGL4eBxg271PMlXvLDBunSFPKx/view?usp=drivesdk
A2A320HYBRID(3).png,A2A320HYBRID,https://drive.google.com/file/d/1OaP2aiSJU4gXaUZi75F8dlXItQ0vElXM/view?usp=drivesdk
A2A320STICKBLK.png,A2A320STICKBLK,https://drive.google.com/file/d/1JbR3l5H3xUAnJJaX6H5ML0MMop5dMgNL/view?usp=drivesdk
A2A320STICKBLK(1).png,A2A320STICKBLK,https://drive.google.com/file/d/173dlajXliAui7DEFQJXf7JLJuBpNvaJw/view?usp=drivesdk
A2A320STICKBLK(2).png,A2A320STICKBLK,https://drive.google.com/file/d/1Aw0eV7tDRZAg-kJJQxgERRuiUtXOMCch/view?usp=drivesdk
A2AMSBASEBLK.jpg,A2AMSBASEBLK,https://drive.google.com/file/d/1fF_qKInpBAv380Lpojcv12Y8aqA5xYU1/view?usp=drivesdk
A2AMSBASEBLK.png,A2AMSBASEBLK,https://drive.google.com/file/d/1UqbMavhrWPx7oSwMxe3SucHOEHzeHFZs/view?usp=drivesdk
A2AMSBASECBN.png,A2AMSBASECBN,https://drive.google.com/file/d/1Z0uJKyZb0jrUpJaUf-Zj-tL580Cj1m_L/view?usp=drivesdk
A2AMSBATTBLK.png,A2AMSBATTBLK,https://drive.google.com/file/d/1uM-_AmprVc9fPfX4gk82VXstkebHvBO-/view?usp=drivesdk
A2AMSBATTCBN.png,A2AMSBATTCBN,https://drive.google.com/file/d/1kWahX64_cs2-TIIH2AFIjxehkSxOVaiV/view?usp=drivesdk
A2AMSFULLBLK.png,A2AMSFULLBLK,https://drive.google.com/file/d/1bvC-pjoPtAyp5yDt_wY_egqUVIs1opFt/view?usp=drivesdk
A2AMSFULLCBN.png,A2AMSFULLCBN,https://drive.google.com/file/d/1a_VPYQAYDPSSXSvOTj8dsugGiKUUrsy4/view?usp=drivesdk
A2AMSLOWSBLK.png,A2AMSLOWSBLK,https://drive.google.com/file/d/1nJ-VUFHKKZHvHncnmbnJp8qPi2m9A9BV/view?usp=drivesdk
A2AMSLOWSCBN.png,A2AMSLOWSCBN,https://drive.google.com/file/d/1VwsMiEdjf207mGPvmgtMxVTDtEbpCS0M/view?usp=drivesdk
A2AMSLOWSCOMP.png,A2AMSLOWSCOMP,https://drive.google.com/file/d/1O1eyo-j6b00O5ikj_eI4uCnHYgnNFCNY/view?usp=drivesdk
A2AMSLOWSCOMP(1).png,A2AMSLOWSCOMP,https://drive.google.com/file/d/1Ro_jjCwz2y-rk1g3rgisEWavh1uW5Wx_/view?usp=drivesdk
A2G1710RDBLK-Suspended.png,A2G1710RDBLK-Suspended,https://drive.google.com/file/d/1QLVQXiC7Q3vCTMvveZT1z3AbWvkuRUa1/view?usp=drivesdk
A2G1910RDBLK.png,A2G1910RDBLK,https://drive.google.com/file/d/1R4oHz_XYecs_jGaRFZd8ReZ33TpzznVY/view?usp=drivesdk
A2GLKSTICKBLK.png,A2GLKSTICKBLK,https://drive.google.com/file/d/1R-Qgjsw9mmnW6HGAAfbaGjl2KMcbvzm0/view?usp=drivesdk
A2GLKSTICKBLK(1).png,A2GLKSTICKBLK,https://drive.google.com/file/d/1ZvYmIscEJ8cfY44CZeWyVlMPco66KivC/view?usp=drivesdk
A2GLKSTICKFDE.png,A2GLKSTICKFDE,https://drive.google.com/file/d/1XHSNerITXnvjnHTnlWdEQq9tAt7jRMmu/view?usp=drivesdk
A2GLKSTICKFDE(1).png,A2GLKSTICKFDE,https://drive.google.com/file/d/1iH-_E2CQjrlBmC8GGbhUgzF1EnYElPPy/view?usp=drivesdk
A2GLOCK17BLK.png,A2GLOCK17BLK,https://drive.google.com/file/d/1P0TLaEExtNjDGUJkwUHiaudM4QiSwOdi/view?usp=drivesdk
A2GLOCK17BLK(1).png,A2GLOCK17BLK,https://drive.google.com/file/d/1AgHC0bGdz0o3cpoV1KLbjfCpga1GEVjh/view?usp=drivesdk
A2GLOCK19BLK.png,A2GLOCK19BLK,https://drive.google.com/file/d/1UZR99Hgvbu9RMLZoEv5QHquS6eHFTeAn/view?usp=drivesdk
A2GLOCK22BLK.png,A2GLOCK22BLK,https://drive.google.com/file/d/1ZkFQRfufRHem56icF6EFNvVrBlV_ZEN7/view?usp=drivesdk
A2GLOCK23BLK.png,A2GLOCK23BLK,https://drive.google.com/file/d/1MFKGVl2DEFlNf5WnqE-RbI9MfzfyKcKr/view?usp=drivesdk
A2GLOCK42BLK.png,A2GLOCK42BLK,https://drive.google.com/file/d/1HmcxYyM2EXiOGDqpIxyMWx607AylvEUy/view?usp=drivesdk
A2GLOCK43BLK-Suspended.png,A2GLOCK43BLK-Suspended,https://drive.google.com/file/d/1NBBGsRtkL5XYfx9MM2fOkbnyd2s1STBt/view?usp=drivesdk
A2ID556BLK30.png,A2ID556BLK30,https://drive.google.com/file/d/1BTZkWOd2f8Pk9V5bcVFJQQVx21u4RKNi/view?usp=drivesdk
A2ID556BLK30(1).png,A2ID556BLK30,https://drive.google.com/file/d/1FUINmK8fF9F_spGApRVK778cySFpBI-m/view?usp=drivesdk
A2ID556BLK30(2).png,A2ID556BLK30,https://drive.google.com/file/d/1kjv3IjXbwU-rbyIG3s3SmpEuEG7OctiZ/view?usp=drivesdk
A2MAGDRUM.png,A2MAGDRUM,https://drive.google.com/file/d/1ziaFWc7iw_CeYL748cJZU-SJAKnwdb-r/view?usp=drivesdk
A2MAGDRUMCP.png,A2MAGDRUMCP,https://drive.google.com/file/d/1OOC_y2cfGLn5X3c0-wnezi23T1krDASN/view?usp=drivesdk
A2MAGDRUMCP(1).png,A2MAGDRUMCP,https://drive.google.com/file/d/1mqgpzQT3t52oS62wiKYqa9lqxUvUibmo/view?usp=drivesdk
A2MAGDRUMCP(2).png,A2MAGDRUMCP,https://drive.google.com/file/d/1iSzxc2hw7Q2s2Ua7MXGFq3PlFGM-14hv/view?usp=drivesdk
A2MAGDRUMMOD2.png,A2MAGDRUMMOD2,https://drive.google.com/file/d/1IWeaXEKMxWIlpspSfQm-ijaXs4wOQfuo/view?usp=drivesdk
A2MAGDRUMMOD2(1).png,A2MAGDRUMMOD2,https://drive.google.com/file/d/1lvENY0mPg-IwbNCesZfo5P6mQNCJMxZF/view?usp=drivesdk
A2MAGDRUMMOD2(2).png,A2MAGDRUMMOD2,https://drive.google.com/file/d/1GInOSETOL2j03MRfcCtU-pzkHtL34l_X/view?usp=drivesdk
A2MAGDRUMMOD3.png,A2MAGDRUMMOD3,https://drive.google.com/file/d/1eQm7Jrqxm-YPxcTFQ06Jxl1K76zXfgUF/view?usp=drivesdk
A2MAGDRUMMOD3(1).png,A2MAGDRUMMOD3,https://drive.google.com/file/d/1QA5snQnucwmIFDYnYmnJNmuzH7b05uum/view?usp=drivesdk
A2MAGDRUMMOD3(2).png,A2MAGDRUMMOD3,https://drive.google.com/file/d/1D8vtt8MxJixkJln_5RqeflYO4BQSbaf4/view?usp=drivesdk
A2MAGDRUMMODA.png,A2MAGDRUMMODA,https://drive.google.com/file/d/1O14g58kCLF6eG5yOaQjhEnimk4nVE2Cl/view?usp=drivesdk
A2MAGDRUMMODA(1).png,A2MAGDRUMMODA,https://drive.google.com/file/d/1AznuqvNHE4FcNr9F1LDSvVyAkbdAURhY/view?usp=drivesdk
A2MAGDRUMMODA(2).png,A2MAGDRUMMODA,https://drive.google.com/file/d/1XoLdZTjiPwWnmgI-XJBV_ADr3NmRAqgo/view?usp=drivesdk
A2MAGDRUMMODC.png,A2MAGDRUMMODC,https://drive.google.com/file/d/1KqrhRK8TvtRZM0hxHQQQeWBXhosDnzwd/view?usp=drivesdk
A2MAGDRUMMODC(1).png,A2MAGDRUMMODC,https://drive.google.com/file/d/1zuOyjuBVEU8B8vDWTCc1mpVJbaPjPRB3/view?usp=drivesdk
A2MAGDRUMMODC(2).png,A2MAGDRUMMODC,https://drive.google.com/file/d/1QD3SIwrMplpUT1LVmeydiJ3gEINa2D2V/view?usp=drivesdk
A2PGEBLK.png,A2PGEBLK,https://drive.google.com/file/d/1kWWJIfyHZtsbcJ-rhoGmIp7eYt1OZHFK/view?usp=drivesdk
A2PGEBLK(1).png,A2PGEBLK,https://drive.google.com/file/d/1e6Gmr-uwON3m4ntitPQzZiWlUmPN34Ze/view?usp=drivesdk
A2PGEBLK(2).png,A2PGEBLK,https://drive.google.com/file/d/1HHGGJVSdasLVQ3UFjsYRoNM-X8fg1zTE/view?usp=drivesdk
A2PGEBLK(3).png,A2PGEBLK,https://drive.google.com/file/d/1GuIQCg7V9FixKqFEwBS7daafhgTSswmU/view?usp=drivesdk
A2PGECYT.png,A2PGECYT,https://drive.google.com/file/d/1y-FVzN_wW19BoOszhzk1JU1QJBitrcJN/view?usp=drivesdk
A2PGECYT(1).png,A2PGECYT,https://drive.google.com/file/d/1OPErVGIpZsSs0dKN7ujPDxa9rlwzgvED/view?usp=drivesdk
A2TX556BLK30.png,A2TX556BLK30,https://drive.google.com/file/d/1XAy-RjGqPJziYMHnbFles4KijZltxR-f/view?usp=drivesdk
A2TX556BLK30(1).png,A2TX556BLK30,https://drive.google.com/file/d/1VsryO6pUYg6njOL3BeJbmTHVyw_w1OoG/view?usp=drivesdk
A2TX556BLK30(2).png,A2TX556BLK30,https://drive.google.com/file/d/1lnlpnSLl97wduDiZI8B01wk9sKezQv2k/view?usp=drivesdk
A2VFGBLK.png,A2VFGBLK,https://drive.google.com/file/d/1AXau0K84YPKonstu5XFPsDv-sE0tM5vL/view?usp=drivesdk
A2VFGBLK(1).png,A2VFGBLK,https://drive.google.com/file/d/1tAqM_DCo4D1TyO0a8crY61cPdppKrxMq/view?usp=drivesdk
A2VFGCYT.png,A2VFGCYT,https://drive.google.com/file/d/14DaBZe7eyN8YeWJ9KGTSs28iaGAfTg49/view?usp=drivesdk
AGKBLK.png,AGKBLK,https://drive.google.com/file/d/1KeWzvlqvWjzrbBKZy5sfAAs74RweMPth/view?usp=drivesdk
AGKBLK(1).png,AGKBLK,https://drive.google.com/file/d/1N-AKXGNPJPZIuVy7kJQrcMsL4sGA_c2M/view?usp=drivesdk
AGKBLK(2).png,AGKBLK,https://drive.google.com/file/d/12HNw5b0b5d7hJ55QrneSquPb-QhElmjo/view?usp=drivesdk
AGKBLK(3).png,AGKBLK,https://drive.google.com/file/d/15jc1I6vSkE0F8zxF30hSW9J_gW_Sy78h/view?usp=drivesdk
AMCHYBKA110LA(1).png,AMCHYBKA110LA,https://drive.google.com/file/d/1BhjKBykhDzC1Mrkoj7Wa5FIqq0oL1L11/view?usp=drivesdk
AMCHYBKA110SA(1).png,AMCHYBKA110SA,https://drive.google.com/file/d/1RY35YBdsiQNi8ajvA8yfkONN7egdOo_7/view?usp=drivesdk
AMCHYBKA700LA.png,AMCHYBKA700LA,https://drive.google.com/file/d/1qIF2CjxjrANASpEke47wtEuaaEmg_Epg/view?usp=drivesdk
AMCHYBKA700LA(1).png,AMCHYBKA700LA,https://drive.google.com/file/d/1zly8SXtBHMayJAlbrrTPZ4I8k9bheO1-/view?usp=drivesdk
AMCHYBKA700LA(2).png,AMCHYBKA700LA,https://drive.google.com/file/d/1zf0rPt6wLLwYiE6dQ3V7k8iEv8Jnng-o/view?usp=drivesdk
AMCHYBKA700SA.png,AMCHYBKA700SA,https://drive.google.com/file/d/1f2IXmHluvlTBq6mcMxXeJTt7NORGt4SU/view?usp=drivesdk
AMCHYBKA700SA(1).png,AMCHYBKA700SA,https://drive.google.com/file/d/1n7Lx6Tx7zkExOPH5_qi60H0ixX7yTrBR/view?usp=drivesdk
AMCHYBKA700SA(2).png,AMCHYBKA700SA,https://drive.google.com/file/d/1kZFEwLL_2dr6txmISfnblMYDmuyKRa1U/view?usp=drivesdk
AMCHYBKAHOWLA(1).png,AMCHYBKAHOWLA,https://drive.google.com/file/d/1cY5Uj2Mf6qg3RRqhw3cZr9Q02Cu2g0Iz/view?usp=drivesdk
AMCHYBKAHOWSA(1).png,AMCHYBKAHOWSA,https://drive.google.com/file/d/1EtPf-4-tS5zUbYGubTKuCl-X-XtZKLGd/view?usp=drivesdk
AMCHYBKAPATLA(1).png,AMCHYBKAPATLA,https://drive.google.com/file/d/1fElgsBB8BS6lBlZFYJ6gSezilAi9YzZ3/view?usp=drivesdk
AMCHYBKAPATSA(1).png,AMCHYBKAPATSA,https://drive.google.com/file/d/1EdJKTY_uOSEv2lrxL5Qug69muwNrd0Ui/view?usp=drivesdk
AMCHYBKM700LA(1).png,AMCHYBKM700LA,https://drive.google.com/file/d/1dJVVzaMnns4UjpW0kY31ZyZTq3v6_Uha/view?usp=drivesdk
AMCHYBKM700SA(1).png,AMCHYBKM700SA,https://drive.google.com/file/d/1_6bIHXRM_OeV-NH6nJ7127e0et3Ii-cY/view?usp=drivesdk
AMCTRBKA110LA(1).png,AMCTRBKA110LA,https://drive.google.com/file/d/1_eS9zuhSK_GLFtcMT-FNypCWefBUIeA0/view?usp=drivesdk
AMCTRBKA110SA(1).png,AMCTRBKA110SA,https://drive.google.com/file/d/17YzW5FnSfMEMP7-FvHMKUVDLFTt0DzqW/view?usp=drivesdk
AMCTRBKA700LA.png,AMCTRBKA700LA,https://drive.google.com/file/d/1MqevWR5XF3svpFPHqOoC7tOIHaJ7n7HR/view?usp=drivesdk
AMCTRBKA700LA(1).png,AMCTRBKA700LA,https://drive.google.com/file/d/1iBPlmidKK5-cHrU4-xjHPK_E85effNob/view?usp=drivesdk
AMCTRBKA700LA(2).png,AMCTRBKA700LA,https://drive.google.com/file/d/1v79pZK5p3lXFiqLskkKxX7D7TZjD7rJ4/view?usp=drivesdk
AMCTRBKA700SA.png,AMCTRBKA700SA,https://drive.google.com/file/d/1yjaKjuzWhXcC50BVI1GCf38DcrbqSjGU/view?usp=drivesdk
AMCTRBKA700SA(1).png,AMCTRBKA700SA,https://drive.google.com/file/d/1nIcvLlsnNq8gmes00puob3SIQ5B_FsYS/view?usp=drivesdk
AMCTRBKA700SA(2).png,AMCTRBKA700SA,https://drive.google.com/file/d/1VShwtR_NHjs6xqKmzzn_bGX55x6MRzUq/view?usp=drivesdk
AMCTRBKAHOWLA(1).png,AMCTRBKAHOWLA,https://drive.google.com/file/d/14vN2d022KAsCKDXoqV-Ar5NEX4nvaVqF/view?usp=drivesdk
AMCTRBKAHOWSA(1).png,AMCTRBKAHOWSA,https://drive.google.com/file/d/1eDyvE_GYCrRHxv9SAYuo7KXxGXqU4QFU/view?usp=drivesdk
AMCTRBKAPATLA(1).png,AMCTRBKAPATLA,https://drive.google.com/file/d/1Cy-0qyzhE-vGsUeSEIPzyTksF9OGb3qP/view?usp=drivesdk
AMCTRBKAPATSA(1).png,AMCTRBKAPATSA,https://drive.google.com/file/d/1Teab7RswjKoruLKoXm854iPRKAfm4HAc/view?usp=drivesdk
AMCTRBKM700LA(1).png,AMCTRBKM700LA,https://drive.google.com/file/d/16vXorJchL__DxELQIf-6RdnTRGVpNkDD/view?usp=drivesdk
AMCTRBKM700SA(1).png,AMCTRBKM700SA,https://drive.google.com/file/d/1zOx8pliO2tqmGOG_Bztv4FepQnRg-vme/view?usp=drivesdk
AMSBASECYT.png,AMSBASECYT,https://drive.google.com/file/d/16s5rZ6McuywQONCgKQZrCTPhUBROGYgO/view?usp=drivesdk
AMSLOWSCYT.png,AMSLOWSCYT,https://drive.google.com/file/d/1MOEK2KIIXznDXLwAQBSYuwQqCyv0LK98/view?usp=drivesdk
ARCA3BLK.png,ARCA3BLK,https://drive.google.com/file/d/1e-oY0MYsfmWQNRsqTko9QbxnOCRqw22b/view?usp=drivesdk
ARCA3BLK(1).png,ARCA3BLK,https://drive.google.com/file/d/1bKDgtlR2bpUu2jlQ67aySRX6wG1iqJJG/view?usp=drivesdk
ARCA3FDE.png,ARCA3FDE,https://drive.google.com/file/d/1ne0ni_XphCnFM4VVUW6ptkIoCeTc0Wql/view?usp=drivesdk
ARCA3FDE(1).png,ARCA3FDE,https://drive.google.com/file/d/1jN2kpUZRGFbwFTFVhhDluBwL7XL7C0YQ/view?usp=drivesdk
ARCA6BLK.png,ARCA6BLK,https://drive.google.com/file/d/1idk_k9BxUq8F6JFnY0KYVlos9ynQQ8R-/view?usp=drivesdk
ARCA6BLK(1).png,ARCA6BLK,https://drive.google.com/file/d/1qlNWRsrhpphqiKE_8mpQr6yFSuS4Uf-M/view?usp=drivesdk
ARCA6FDE.png,ARCA6FDE,https://drive.google.com/file/d/19tZucLpvFQCEcYo5qAhz72GGgDg5gMF_/view?usp=drivesdk
ARCA6FDE(1).png,ARCA6FDE,https://drive.google.com/file/d/1hFRRa51Jb3TDdQP03lFfQYriJJPbBauX/view?usp=drivesdk
ARTG1BLK.png,ARTG1BLK,https://drive.google.com/file/d/1uUirzfq6yi-cxdwf8QldGEY56u_eyQBT/view?usp=drivesdk
ARTG1BLK(1).png,ARTG1BLK,https://drive.google.com/file/d/1uUYi_E-1xaabeMzfuFZ9nKFvVAP-FFgc/view?usp=drivesdk
ARTG1BLK(2).png,ARTG1BLK,https://drive.google.com/file/d/1wPvnLAzdLBV4sgvm4Re4TrBsP6OsJPNU/view?usp=drivesdk
ARTG1CYT.png,ARTG1CYT,https://drive.google.com/file/d/1HFk_vx2_3D-OB-p03xzNp13AugPfmfrF/view?usp=drivesdk
ARTG1CYT(1).png,ARTG1CYT,https://drive.google.com/file/d/1vpJQc3ZsrmTZ_Gv648flCwyrAspCHSPg/view?usp=drivesdk
ARTG1CYT(2).png,ARTG1CYT,https://drive.google.com/file/d/1_dKcjGOWAzlIw5Wjen3YzHKD21mO_AU3/view?usp=drivesdk
BDGBR.png,BDGBR,https://drive.google.com/file/d/18Ys7B5N7AHjuHIDsyiCFArZlFMUnqq7w/view?usp=drivesdk
BDGBR(1).png,BDGBR,https://drive.google.com/file/d/1L5zI_MhUlbSVkZGzIR1SGsw-fPyo79cy/view?usp=drivesdk
BDGBR(2).png,BDGBR,https://drive.google.com/file/d/1SM9P9aFJz0Wv7mHocq3zvbELkLuTbHw-/view?usp=drivesdk
BLTMAG.png,BLTMAG,https://drive.google.com/file/d/1WxHfF_y3_a-qFQVYmEdB784dMvPMEZUH/view?usp=drivesdk
BLTMAG(1).png,BLTMAG,https://drive.google.com/file/d/15iopLZFb6jHNyo05vZiBk257GjZ3KXn9/view?usp=drivesdk
BLTMAG(2).png,BLTMAG,https://drive.google.com/file/d/1NtCbuxEZ5kFIfoQm1bhb6Da-dbrZ-Jq2/view?usp=drivesdk
CCKG2BA.png,CCKG2BA,https://drive.google.com/file/d/1Xtg3xu_AtFoEmHOZlfwN_eIb8pngmoHZ/view?usp=drivesdk
CCKG43BRL.png,CCKG43BRL,https://drive.google.com/file/d/1V2OaF8u9ek3yZtwY-JbMd2vrUTpU733U/view?usp=drivesdk
CCKG43BRL(1).png,CCKG43BRL,https://drive.google.com/file/d/1uB0Bn0jA8mingzQ7sCooJbTUXtftyg6K/view?usp=drivesdk
CCKGLOCKBRL.png,CCKGLOCKBRL,https://drive.google.com/file/d/1Kq4goNd7cOfI4lea-BJFWjYjWtjZPLUe/view?usp=drivesdk
CCKLCPBR.png,CCKLCPBR,https://drive.google.com/file/d/1zoP6_ubNFRavX4XB2I1vTu7qYLbIB8MJ/view?usp=drivesdk
CCKP365BA.jpg,CCKP365BA,https://drive.google.com/file/d/1cIHHe1NVruCBZLoygqkqLpOt1ZhkoVzw/view?usp=drivesdk
CCKP365BA.png,CCKP365BA,https://drive.google.com/file/d/10RGy672qNwOjAelCXFBvImgumlJlf8L4/view?usp=drivesdk
CCKSHBR.png,CCKSHBR,https://drive.google.com/file/d/12gCm1FENh5xPE9xt12Vga9ACB4dh1Xsn/view?usp=drivesdk
CIP4733RD.png,CIP4733RD,https://drive.google.com/file/d/10oYNinFr9G61K7uEoNFWPUOOjMxNrRt8/view?usp=drivesdk
CIP4733RD(1).png,CIP4733RD,https://drive.google.com/file/d/1Ruw2NmBX46A5rmpnwxodc3AMEhLdqD0-/view?usp=drivesdk
CIP4733RD(2).png,CIP4733RD,https://drive.google.com/file/d/1YWH1YIpQOgdq7AsKAjpWgTOhQuq9671P/view?usp=drivesdk
CIP5323RD.png,CIP5323RD,https://drive.google.com/file/d/1pQdyyy6u2jaLdPbYjZQdRYsPP0PpeG2f/view?usp=drivesdk
CIP5323RD(1).png,CIP5323RD,https://drive.google.com/file/d/1lGNYLmP7mgyuX1O3Tx5P3H9TvFmcKvWw/view?usp=drivesdk
CIP5323RD(2).png,CIP5323RD,https://drive.google.com/file/d/118-DGNZmuXgoVbW3AEKPFv33wUNGGM3Z/view?usp=drivesdk
CIP5323RD(3).png,CIP5323RD,https://drive.google.com/file/d/17_SWdfLojoCbw4IKkXQ91_Aw2UNDxkml/view?usp=drivesdk
CIP5883RD.png,CIP5883RD,https://drive.google.com/file/d/1mGKMEbvnV1HDSikE-bhXnru1SI7beDl7/view?usp=drivesdk
CIP5883RD(1).png,CIP5883RD,https://drive.google.com/file/d/1gPtybNcbYUUy2g1_zXcBT3fyD2fS-WBZ/view?usp=drivesdk
CIP5883RD(2).png,CIP5883RD,https://drive.google.com/file/d/1nHSsJphjKQ7roXUBWQxBc3gWdkH5GVQm/view?usp=drivesdk
COMBR.png,COMBR,https://drive.google.com/file/d/1J61Qc4RyjZb0BxRzuRhoBMbRyppTVFTB/view?usp=drivesdk
COMBR(1).png,COMBR,https://drive.google.com/file/d/1N5qhLyWqMCqxrdGKtZiWEeAo7NeAadrb/view?usp=drivesdk
COMBR(2).png,COMBR,https://drive.google.com/file/d/12m9fnJhubVncjNQbyJ9nTnB6CDvZaqiS/view?usp=drivesdk
DBBR.png,DBBR,https://drive.google.com/file/d/1frYkteKFTHtRgRd0CtTSdvYCVKDFwiQF/view?usp=drivesdk
DBBR(1).png,DBBR,https://drive.google.com/file/d/1HUjbRUH6cbjIi6p_Tf-PDJx5QOEDGj7u/view?usp=drivesdk
DBBR(2).png,DBBR,https://drive.google.com/file/d/1ecXsIfVxwmk8kk_IZw7mWTmyd1wLdcp0/view?usp=drivesdk
DEFBR.png,DEFBR,https://drive.google.com/file/d/1YiRjcYx6aE1vQUJf4DJHIOrJlgCvmp1i/view?usp=drivesdk
DEFBR(1).png,DEFBR,https://drive.google.com/file/d/1YYICBtDEOjyBCg76OcmLKmHw3mwwERGm/view?usp=drivesdk
DEFBR(2).png,DEFBR,https://drive.google.com/file/d/1LOj6norPjd1bWXJAx_sYRqV-Q-lViC4o/view?usp=drivesdk
G17MOD3BLK17.png,G17MOD3BLK17,https://drive.google.com/file/d/11N_9PGprE2SfCHXO4xf0t8zXiz80I7F9/view?usp=drivesdk
G17MOD3BLK17(1).png,G17MOD3BLK17,https://drive.google.com/file/d/16UaD1dWP6gj_mS067QcVwl7ar9gWPYzR/view?usp=drivesdk
G17MOD3BLK17(2).png,G17MOD3BLK17,https://drive.google.com/file/d/1cHb5K6ZMI5z_VfAJtKnRDyAxYoZvBUbO/view?usp=drivesdk
G17MOD3BLK17(3).png,G17MOD3BLK17,https://drive.google.com/file/d/1BNpVyvnTXl-PvJd00b39OpqGDG5bcIlh/view?usp=drivesdk
G19MOD3BLK15.png,G19MOD3BLK15,https://drive.google.com/file/d/1d5k5fgcECWOr1oajNjREz-Zf0BBkaG8D/view?usp=drivesdk
G19MOD3BLK15(1).png,G19MOD3BLK15,https://drive.google.com/file/d/1QpLIvtEOk2sFIO4Sdf47w2DWQY9eqOQV/view?usp=drivesdk
G19MOD3BLK15(2).png,G19MOD3BLK15,https://drive.google.com/file/d/1VGzhdRhW9nJSy7rOa2Fa3p3z0zv75Xa_/view?usp=drivesdk
G19MOD3BLK15(3).png,G19MOD3BLK15,https://drive.google.com/file/d/1UJNnqJncB02dnhnRvWXn55On0Fe6yHMA/view?usp=drivesdk
G2BA.png,G2BA,https://drive.google.com/file/d/1L-n2F0eRIuXAvhNhvvUCv1y9yCbWOzb6/view?usp=drivesdk
G2BA(1).png,G2BA,https://drive.google.com/file/d/1oI44B04oUY_sxPFeXTf5wcThLSFGo_lj/view?usp=drivesdk
G2BA(2).png,G2BA,https://drive.google.com/file/d/1O_MvWgxvwj7jeukU9hNYBjl14tKpQ484/view?usp=drivesdk
G42BRL.png,G42BRL,https://drive.google.com/file/d/1Li98i2EEIgS59SKFrsrA5pId7YEM6ZDr/view?usp=drivesdk
G42BRL(1).png,G42BRL,https://drive.google.com/file/d/1NuofABnsshJJgLyYx3GXw04G0bs3SAiI/view?usp=drivesdk
G42BRL(2).png,G42BRL,https://drive.google.com/file/d/1azXPhX3A7G-Ak0wBgdfl6jqH1peru3Cn/view?usp=drivesdk
G43BRL.png,G43BRL,https://drive.google.com/file/d/1yCKNOeYPOvrOudx2RchjXLiW-HT5W8wn/view?usp=drivesdk
G43BRL(1).png,G43BRL,https://drive.google.com/file/d/1s3E74ZtxGNZeDA65so3T1WtqaWUvwsop/view?usp=drivesdk
G43BRL(2).png,G43BRL,https://drive.google.com/file/d/1k28oyb8Duri5ixO7bPKF6m7CEUg6eRpr/view?usp=drivesdk
GLKMODCBLK34.png,GLKMODCBLK34,https://drive.google.com/file/d/1ZaTdBqut5PkZuXAb_VA9C0nKGmKiNo2r/view?usp=drivesdk
GLKMODCBLK34(1).png,GLKMODCBLK34,https://drive.google.com/file/d/18MHlMRKOLUpmAsVZUsi2eYu0IEwfzxrE/view?usp=drivesdk
GLKMODCBLK34(2).png,GLKMODCBLK34,https://drive.google.com/file/d/1nbvb-60pu833frh9gNGo05ajFxs6ajYH/view?usp=drivesdk
GLKMODCBLK34(3).png,GLKMODCBLK34,https://drive.google.com/file/d/1FMZZetfZoYj3m-L54Iaj8OOpNTp7FnKy/view?usp=drivesdk
GLKMODCSMK34.png,GLKMODCSMK34,https://drive.google.com/file/d/1To5mjnW_sL3nAk8wlpDzAHXzuXGO-l5i/view?usp=drivesdk
GLKMODCSMK34(1).png,GLKMODCSMK34,https://drive.google.com/file/d/1tLaxIII732Agenntzg0MyIOxW7NOVOCV/view?usp=drivesdk
GLKMODCSMK34(2).png,GLKMODCSMK34,https://drive.google.com/file/d/1cAV6ClMM_jvVmAf_IacmXMHl6Hu3p1Pb/view?usp=drivesdk
GLKMODCSMK34(3).png,GLKMODCSMK34,https://drive.google.com/file/d/1dEveX4uDtsvgvEZgXsLnVh9tYOTav0Mj/view?usp=drivesdk
GLOCK10BRL.png,GLOCK10BRL,https://drive.google.com/file/d/17I0AKZudgQGwZkMErD8Yrquzp0QQyH0X/view?usp=drivesdk
GLOCK10BRL(1).png,GLOCK10BRL,https://drive.google.com/file/d/12DYDSDm_oAk1Md1lCmjB8f8bJ1tY1VXR/view?usp=drivesdk
GLOCKBRL.png,GLOCKBRL,https://drive.google.com/file/d/1LPsco7aRawQuTQcJtPpUbheTBzzjcySc/view?usp=drivesdk
GLOCKBRL(1).png,GLOCKBRL,https://drive.google.com/file/d/1O3Z7PGzAK5wRDqUjb4yXvd2WaTvmJz8k/view?usp=drivesdk
GLOCKBRL(1)(1).png,GLOCKBRL(1),https://drive.google.com/file/d/1Q1WBbwrtLVHShOPinW2LyOCI7Zp4zolA/view?usp=drivesdk
GLOCKBRL(2).png,GLOCKBRL,https://drive.google.com/file/d/1sX8yqduX7GNgz5q88n1Vvz_SCTTuEH0f/view?usp=drivesdk
GLOCKBRL(3).png,GLOCKBRL,https://drive.google.com/file/d/1pE_RpamFWRfvSRPno8U4-2gIxksnMXL2/view?usp=drivesdk
GLOCKBRL(4).png,GLOCKBRL,https://drive.google.com/file/d/1eWOmGOV8xzS5YxTfBNziwP3io8cFEzLy/view?usp=drivesdk
GX4BA.png,GX4BA,https://drive.google.com/file/d/1_THptu_hRZDa9C9mu2dp3dqUKqv0mLqc/view?usp=drivesdk
GX4BA(1).png,GX4BA,https://drive.google.com/file/d/1EDMl_YPjycgm7kuihbpHPgq4IHyko8bH/view?usp=drivesdk
GX4BA(2).png,GX4BA,https://drive.google.com/file/d/1eBN62zh5UnYOhMK6_4GBgjzJ772uEjq6/view?usp=drivesdk
GX4BA(3).png,GX4BA,https://drive.google.com/file/d/1ZsW5O6EGRvQWDdI-yZ7FO2lQgvaG4Q-D/view?usp=drivesdk
HELLCATBA.png,HELLCATBA,https://drive.google.com/file/d/1tcA9b59HafTQNUOlGJDD5-vJ6MCP5SjV/view?usp=drivesdk
HELLCATBA(1).png,HELLCATBA,https://drive.google.com/file/d/1B2VqsI0QJQ27FbnMdehjdSiL82uq6ZAe/view?usp=drivesdk
HELLCATBA(2).png,HELLCATBA,https://drive.google.com/file/d/1oUElLHLa3rkmNt5uKiM7WKR_2WHPIx5H/view?usp=drivesdk
JFRBR.png,JFRBR,https://drive.google.com/file/d/1DzK4X140iJuODZoX22Yfncdfa8TgEivj/view?usp=drivesdk
JFRBR(1).png,JFRBR,https://drive.google.com/file/d/1-h_p4Vc1ma5G6FrmcmGSeBI7E8OFh0BC/view?usp=drivesdk
JFRBR(2).png,JFRBR,https://drive.google.com/file/d/1OemT0eDfH5GbiKZ1q1gWNfMNX3FjS2kj/view?usp=drivesdk
KHRBR.png,KHRBR,https://drive.google.com/file/d/1Rl0igwLFBDf6sM8EJLUCF1reZXBY-fHV/view?usp=drivesdk
KHRBR(1).png,KHRBR,https://drive.google.com/file/d/15ZIlpp_sq-x4embc-Fj_lRhC55x-dUmr/view?usp=drivesdk
KHRBR(2).png,KHRBR,https://drive.google.com/file/d/1jZ-A-ioOSVfsTB_VBMx0MoUevZD6KwNl/view?usp=drivesdk
LC9BL.png,LC9BL,https://drive.google.com/file/d/1o_M7yxMbNMREktB9chdMDCA-bA8Wt28b/view?usp=drivesdk
LC9BL(1).png,LC9BL,https://drive.google.com/file/d/1qssW2JEHVygi1FlgBmb9yp_fCwXtDns_/view?usp=drivesdk
LC9BR.png,LC9BR,https://drive.google.com/file/d/1FjpEPpKZuR_gkUwOGQsDT00IhXfDIdKf/view?usp=drivesdk
LC9BR(1).png,LC9BR,https://drive.google.com/file/d/19Z7qMm_gSj1vh2G73ovJUL4SvGx9ecKm/view?usp=drivesdk
LC9SBR.png,LC9SBR,https://drive.google.com/file/d/1n5LfwCyL2ETYl7_-ecfrLxnJS_NxWvmP/view?usp=drivesdk
LC9SBR(1).png,LC9SBR,https://drive.google.com/file/d/142fAKP8xGGgHLFAM1H2bJ4opXGuHMyYG/view?usp=drivesdk
LC9SBR(2).png,LC9SBR,https://drive.google.com/file/d/1Ab8gsHdjsejPewmMOQOTA5C6RMtoKJ53/view?usp=drivesdk
LCPBL.png,LCPBL,https://drive.google.com/file/d/1UhOjry8zYpTfw4YuYSwqaBC7rHLObPMn/view?usp=drivesdk
LCPBL(1).png,LCPBL,https://drive.google.com/file/d/1HVMGz165JSmNl2F9oNeU-S2ISAQAEHKL/view?usp=drivesdk
LCPBR.png,LCPBR,https://drive.google.com/file/d/1FVhBJ0LHrNOZ_LEud--oTnC24Acr6B3I/view?usp=drivesdk
LCPBR(1).png,LCPBR,https://drive.google.com/file/d/1YBIIenffsG_PhmVk7xR_ih5ul45N5vxr/view?usp=drivesdk
LCPBR(2).png,LCPBR,https://drive.google.com/file/d/1bkFUIIBGNcDV15jiAlkTvgGtf8f7T3Z_/view?usp=drivesdk
LCPIIBR.png,LCPIIBR,https://drive.google.com/file/d/1MT8QgGnWSB0jbz1D9rob3FvDuAwiGCXg/view?usp=drivesdk
LCPIIBR(1).png,LCPIIBR,https://drive.google.com/file/d/142D8cxYBOSVYbSriKwRUXcbTy3f1HU7Z/view?usp=drivesdk
LCPIIBR(2).png,LCPIIBR,https://drive.google.com/file/d/1aZIDLXf3_K2Bil1pe1otlYiGa54OCG0Z/view?usp=drivesdk
M200MODEBLU30.png,M200MODEBLU30,https://drive.google.com/file/d/1WCSrXBc72u0qmeKjco71Pams3LTZ8gvF/view?usp=drivesdk
M200MODEBLU30(1).png,M200MODEBLU30,https://drive.google.com/file/d/1lFoDoXZl6su8LjftNtW9mWZti00_Ad7H/view?usp=drivesdk
M200MODEBLU30(2).png,M200MODEBLU30,https://drive.google.com/file/d/1f-Q1CqWndxjT0P0MOv4gIV4YSgVDFpei/view?usp=drivesdk
M200MODEBLU30(3).png,M200MODEBLU30,https://drive.google.com/file/d/1OZYbi3VwUpek9fTjahZS9Jq7Gnrt_JFy/view?usp=drivesdk
MIC9BR.png,MIC9BR,https://drive.google.com/file/d/1rgDMOR7rPfixAVFlZnVlUPlK8hQTDrMD/view?usp=drivesdk
MIC9BR(1).png,MIC9BR,https://drive.google.com/file/d/1zkmf0nAaUWyt4kQE5pEISYLVTDMk3YNV/view?usp=drivesdk
MIC9BR(2).png,MIC9BR,https://drive.google.com/file/d/1czKE6Q4dBJxy90Z0mL7coEtohApMrlXj/view?usp=drivesdk
MOD2556-5RND.png,MOD2556-5RND,https://drive.google.com/file/d/1z2JXqwSjz48NReur13xy76UrcgAQiXbA/view?usp=drivesdk
MOD2556-5RND(1).png,MOD2556-5RND,https://drive.google.com/file/d/1xZxUODSR8bP9KzdflJ9Z2G_HWTCSM4mT/view?usp=drivesdk
MODC Clear Flag.png,MODC Clear Flag,https://drive.google.com/file/d/1A9WsAyKdLpwbHmfrbumr-KckWs9oXCpx/view?usp=drivesdk
MODC Clear Follower.png,MODC Clear Follower,https://drive.google.com/file/d/1vpRSqhQvU7A9xwCVYP1qzY6c5TMT9hUz/view?usp=drivesdk
MODC Flag Angled.png,MODC Flag Angled,https://drive.google.com/file/d/1G-k6XyaoIBeWqtsy--0rjeHqnnUQBlca/view?usp=drivesdk
MPBA.png,MPBA,https://drive.google.com/file/d/1gBItKy2KEVZeWS6aR4UVtmtd3z1faf6G/view?usp=drivesdk
MPBA(1).png,MPBA,https://drive.google.com/file/d/1yeet7prT83B1E3N0nqfwZX6oHeZU1HD8/view?usp=drivesdk
MPBA(2).png,MPBA,https://drive.google.com/file/d/1M00Oh8ZrHuutCbtWof-cN8M0iIMgpTLq/view?usp=drivesdk
NABR.png,NABR,https://drive.google.com/file/d/1S7NWb4-Fp2mWnO6X9VfHdpOMe3zd0t2H/view?usp=drivesdk
NABR(1).png,NABR,https://drive.google.com/file/d/1X4x546-G_Bmw66d-e-Es0BR1hW05aTkI/view?usp=drivesdk
NABR(2).png,NABR,https://drive.google.com/file/d/1dB7Pwg0q8CinNMjLlE6Ikzzo6E01b1_W/view?usp=drivesdk
P238BR.png,P238BR,https://drive.google.com/file/d/1bMAg7DPCU-Vw9iFXmMePSN9sJErkFmuO/view?usp=drivesdk
P238BR(1).png,P238BR,https://drive.google.com/file/d/1C8RHaFXK034wkcE5boUD10F9pAi9Enpo/view?usp=drivesdk
P238BR(2).png,P238BR,https://drive.google.com/file/d/1wMq3SttBnYF34xgzRJKyQJVEc7KlUKkL/view?usp=drivesdk
P320BA.png,P320BA,https://drive.google.com/file/d/18jV0kZ2eQdQQMPpbUnU3GdEbLK4trDPp/view?usp=drivesdk
P320BA(1).png,P320BA,https://drive.google.com/file/d/1bPFNfM2dih6LJ73ex0NS5w6eBBMIOzsS/view?usp=drivesdk
P320BA(2).png,P320BA,https://drive.google.com/file/d/1RGTpPzFHiXIrQfrpftUduVNYwQDf3IJF/view?usp=drivesdk
P365BA.png,P365BA,https://drive.google.com/file/d/1h2AXvCriBHkozL3Ufy8x-EO7uzdPmBkS/view?usp=drivesdk
P365BA(1).png,P365BA,https://drive.google.com/file/d/1sNkDOFqhJ6B8KdQl6mnpL3P63LPcGR8t/view?usp=drivesdk
P365BA(2).png,P365BA,https://drive.google.com/file/d/12S_V8ACT-3q1xtTEoutMRMmZkUTbB4cu/view?usp=drivesdk
P365BA(3).png,P365BA,https://drive.google.com/file/d/1FuP1QbYG0Ro0CpeESLMuSj3gSRRfRMe0/view?usp=drivesdk
P3BR.png,P3BR,https://drive.google.com/file/d/11n0jl2fHaBIz-hNo2LqofEx-E-53Jb7I/view?usp=drivesdk
P3BR(1).png,P3BR,https://drive.google.com/file/d/198u_PhOXesVm2h0tQDwUOtI196OhZgbC/view?usp=drivesdk
P3BR(2).png,P3BR,https://drive.google.com/file/d/1_WZfdFJ7klvQ5om-QnqJ-4UlP25eT4pn/view?usp=drivesdk
P938BR.png,P938BR,https://drive.google.com/file/d/1bMYGQ_KsuK5oahZHCQWR3NoGka8twvbu/view?usp=drivesdk
P938BR(1).png,P938BR,https://drive.google.com/file/d/1M8SKBOZGVubJuV8iLOgzGsszs0rGNta6/view?usp=drivesdk
P938BR(2).png,P938BR,https://drive.google.com/file/d/1HJ3mybtF3PjyVxWKSzFnInNXXRdLgsmu/view?usp=drivesdk
PGE2BLK.png,PGE2BLK,https://drive.google.com/file/d/1sS4lHQ4Ldsl1G1YT8vn_ypI8dt-2xpxo/view?usp=drivesdk
PGE2BLK(1).png,PGE2BLK,https://drive.google.com/file/d/1LvlrjNpwFxD7sAZDvL0aqX0cD2_QUUyI/view?usp=drivesdk
PGE2CYT.png,PGE2CYT,https://drive.google.com/file/d/1JCZpcZESVcXiy-klOyqiMa51Zfdg5_Eh/view?usp=drivesdk
PGE2CYT(1).png,PGE2CYT,https://drive.google.com/file/d/1Efxr9wqQCfzLpKy1Kw5rLk9qTceJS_D8/view?usp=drivesdk
PKMAG.jpg,PKMAG,https://drive.google.com/file/d/1Oo4Hfu6_PLhSGJRFT00oVhKSB58n9The/view?usp=drivesdk
PKMAG.png,PKMAG,https://drive.google.com/file/d/1LtEbULCyw672wrcmHDRLS9sk-j5WC27u/view?usp=drivesdk
PKMAG(1).png,PKMAG,https://drive.google.com/file/d/16fA9UprzzTfZ7qj2aIuyO0_5_hZJGy1r/view?usp=drivesdk
PKMAG(2).png,PKMAG,https://drive.google.com/file/d/1emjjy-k9rhTMOBzkyvIX3GONlD4eoL81/view?usp=drivesdk
PPGBLK.png,PPGBLK,https://drive.google.com/file/d/1QWJgAddfbNXysctqpLP6p8kIg1RW8__a/view?usp=drivesdk
PPGBLK(1).png,PPGBLK,https://drive.google.com/file/d/1Wkqk5cktnF5cJGO-y-4XfmbY_ogdYNgL/view?usp=drivesdk
PPGCYT.png,PPGCYT,https://drive.google.com/file/d/1ePiYsIMlWDIIYtL1ZejdlnSmXJHanO7N/view?usp=drivesdk
PPGCYT(1).png,PPGCYT,https://drive.google.com/file/d/1OU9kh264AGvm7BgHn-hrS-0wllaSZEEs/view?usp=drivesdk
RAWA2MAGDRUM.png,RAWA2MAGDRUM,https://drive.google.com/file/d/1iLDMmwV3rsBmZ4_--AYUepAV4_pnHTt0/view?usp=drivesdk
SAAICS65BLK3.png,SAAICS65BLK3,https://drive.google.com/file/d/1nas2RSRfFb9WUU6Z4WbS40Wyo9Gu7IHm/view?usp=drivesdk
SAAICS65BLK3(1).png,SAAICS65BLK3,https://drive.google.com/file/d/1OPjaXln2-9b--K3Np8_TqxqnvyIOie9B/view?usp=drivesdk
SAAICSBLK12.png,SAAICSBLK12,https://drive.google.com/file/d/1KypLbB81NnNbU7clgyvsc0AAcXIV3Y3o/view?usp=drivesdk
SAAICSBLK12(1).png,SAAICSBLK12,https://drive.google.com/file/d/1no7RM7JTqlt8_zKzFu672CkhE7EFhsZI/view?usp=drivesdk
SAAICSBLK5.png,SAAICSBLK5,https://drive.google.com/file/d/1yew-LiNRU3633QsOSKNlPgz6YKvJr7d7/view?usp=drivesdk
SAAICSBLK5(1).png,SAAICSBLK5,https://drive.google.com/file/d/1pMGgOBVzB91zgZxLEtbbQ5jq2PCy168p/view?usp=drivesdk
SCARMOD3BLK20.png,SCARMOD3BLK20,https://drive.google.com/file/d/1VHH_gbmB45ZYmirlojxyHtQjl5RS_v_C/view?usp=drivesdk
SCARMOD3BLK20(1).png,SCARMOD3BLK20,https://drive.google.com/file/d/1E8B_2ook5zL9fr9dgxbV619VWssO2tWN/view?usp=drivesdk
SCARMOD3FDE20.png,SCARMOD3FDE20,https://drive.google.com/file/d/1KIylY9uG0pSjUalnQcmxGx5uBkcF5QPh/view?usp=drivesdk
SCARMOD3FDE20(1).png,SCARMOD3FDE20,https://drive.google.com/file/d/1FCJur3dMNAfUkJNmJ-u4yr5GYFuNbrVd/view?usp=drivesdk
SCARMOD3FDE20(2).png,SCARMOD3FDE20,https://drive.google.com/file/d/1VUSgyczwmxbX11pqEiwAYezmE6ERjBad/view?usp=drivesdk
SCARMOD3FDE20(3).png,SCARMOD3FDE20,https://drive.google.com/file/d/1QoviqWXpqdnLdqDBnmvAs_LlLEPO9VZ9/view?usp=drivesdk
SCV1BLK1545.png,SCV1BLK1545,https://drive.google.com/file/d/1JIU9ff-zVgZbwiCmhpu7j16MSWa8SzxQ/view?usp=drivesdk
SCV1BLK1545(1).png,SCV1BLK1545,https://drive.google.com/file/d/1jO2zC2JoW9pxbapavwKxFt6Lrqmk70Us/view?usp=drivesdk
SCV1BLK1545(2).png,SCV1BLK1545,https://drive.google.com/file/d/138vDDoxhyn5js2s-GXAtsYnMvL56PGaD/view?usp=drivesdk
SCV1BLK1545(3).png,SCV1BLK1545,https://drive.google.com/file/d/1GSPaOGy3392IMdjb3JlmP8M3oougn5gH/view?usp=drivesdk
SCV1BLK1545(4).png,SCV1BLK1545,https://drive.google.com/file/d/1TMKxjqBel7PfgB3KrMUwUkdqQwccDL1v/view?usp=drivesdk
SCV1BLK1560.png,SCV1BLK1560,https://drive.google.com/file/d/1pYeI-RqSmuhQaUsAyihwR-vMIeeFEdAq/view?usp=drivesdk
SCV1BLK1560(1).png,SCV1BLK1560,https://drive.google.com/file/d/16FilYsmoCRr6jcZxSThkjXA0tQZFr6HN/view?usp=drivesdk
SCV1BLK1560(2).png,SCV1BLK1560,https://drive.google.com/file/d/1RNfD02p5zm78i66EAdcMkmUtfieSr8WN/view?usp=drivesdk
SCV1BLK1560(3).png,SCV1BLK1560,https://drive.google.com/file/d/1jtxPm02DiIUjFe2ETqEVvq72RKuli7mL/view?usp=drivesdk
SCV1BLK1560(4).png,SCV1BLK1560,https://drive.google.com/file/d/1P-serWGd4Ay-Gf3xMHF7rOpItjCPyv-R/view?usp=drivesdk
SCV1BLK1575.png,SCV1BLK1575,https://drive.google.com/file/d/1WiBxY3_4bKR0i8RwXxtmfdJKQ2gOw3Hq/view?usp=drivesdk
SCV1BLK1575(1).png,SCV1BLK1575,https://drive.google.com/file/d/1uMMgP3QPAiy0f0ylp18C9M06PGApHza8/view?usp=drivesdk
SCV1BLK1575(2).png,SCV1BLK1575,https://drive.google.com/file/d/19wU9TGA7c1H0IFpDNNS7zFth56noiFjH/view?usp=drivesdk
SCV1BLK1575(3).png,SCV1BLK1575,https://drive.google.com/file/d/1T-GXAiYiFG_t9FoNI9g3w8PcEj3ympdT/view?usp=drivesdk
SCV1BLK1575(4).png,SCV1BLK1575,https://drive.google.com/file/d/1I44RR01baLluLg_sk_W5mucUU1K0PTGD/view?usp=drivesdk
SDBA.png,SDBA,https://drive.google.com/file/d/1YMreUI0FA9pduIVR0jtPlBwVMWQeF8vB/view?usp=drivesdk
SDBA(1).png,SDBA,https://drive.google.com/file/d/1Cvi03l04-49ZQvTl2OP6hb_ZQQYACGVA/view?usp=drivesdk
SDBA(2).png,SDBA,https://drive.google.com/file/d/107nJJrbzpeHBD-kbPWHlRVS-hW26n5i3/view?usp=drivesdk
SDTOOL.png,SDTOOL,https://drive.google.com/file/d/1auf6wgRubG1vRouQo1d8CPq4DVHyGmYb/view?usp=drivesdk
SDTOOL(1).png,SDTOOL,https://drive.google.com/file/d/1HZER-GZqnvCUPKKmiWnozQtjFsKxl2_O/view?usp=drivesdk
SDTOOLDISP.png,SDTOOLDISP,https://drive.google.com/file/d/1R1U2o42kX2pDW6r2JoXKR7d34Eq_jlKf/view?usp=drivesdk
SDTOOLDISP(1).png,SDTOOLDISP,https://drive.google.com/file/d/1lA_u6GqhRJHdVV_tUF7tAdN_JLUFuoMx/view?usp=drivesdk
SDTOOLDISP(2).png,SDTOOLDISP,https://drive.google.com/file/d/1CzZ5T9jHl0humJwfaHiUzNGR49ZilbgG/view?usp=drivesdk
SDTOOLDISP(3).png,SDTOOLDISP,https://drive.google.com/file/d/1pfDVc8ZMGTQFVRcWMDQ1yiHJuOssNUkf/view?usp=drivesdk
SDTOOLDISP(4).png,SDTOOLDISP,https://drive.google.com/file/d/1l5dJW3RzFgQV3ei4q7KUwK9t-IMJucck/view?usp=drivesdk
SDTOOLDISPBOX.png,SDTOOLDISPBOX,https://drive.google.com/file/d/1fvVfkbZkTf3Y3jgvfYt0ES-npBGbvXRC/view?usp=drivesdk
SDTOOLDISPYLW.png,SDTOOLDISPYLW,https://drive.google.com/file/d/1Ct83ySe7WT2Tw-QdLadY3HXRztT9OT7x/view?usp=drivesdk
SDTOOLDISPYLW(1).png,SDTOOLDISPYLW,https://drive.google.com/file/d/1rGLmlmVBUytOQ0StUdqUX3BsZzDhP9fJ/view?usp=drivesdk
SDTOOLDISPYLW(2).png,SDTOOLDISPYLW,https://drive.google.com/file/d/1S7UJDiWuh65BK9LHpA5zBDqp1g_M_Sph/view?usp=drivesdk
SDTOOLYLW.png,SDTOOLYLW,https://drive.google.com/file/d/1NDPUx5YIDAZtFfOD6a5pnSiLz8sEhpBA/view?usp=drivesdk
SDTOOLYLW(1).png,SDTOOLYLW,https://drive.google.com/file/d/15FDCFKR5kK66K63GdX3NsWcSe9nItEjN/view?usp=drivesdk
SH45BA.png,SH45BA,https://drive.google.com/file/d/1nv0g6hPTNwpjjC5uWXWQKt7DG046DLFe/view?usp=drivesdk
SH45BA(1).png,SH45BA,https://drive.google.com/file/d/1sJ_i9D6JrWPYnJm9yqHULKISLYGlZPqi/view?usp=drivesdk
SH45BA(2).png,SH45BA,https://drive.google.com/file/d/1Ay3X-aUJUUNT-Jyg1OsS5ZLb4vPeOldR/view?usp=drivesdk
SHBR.png,SHBR,https://drive.google.com/file/d/1ftY202bq6ZI5g6auwfDotG_g8Wv5-01V/view?usp=drivesdk
SHBR(1).png,SHBR,https://drive.google.com/file/d/1Ml-RqM1uDLSe6y-wGAPgm-_1isYBEozr/view?usp=drivesdk
SHBR(2).png,SHBR,https://drive.google.com/file/d/1zCT0LOW6wyn0P2D_O69LYgnFw5Vp189b/view?usp=drivesdk
SHBR(3).png,SHBR,https://drive.google.com/file/d/11F2iPyVL2sGI0G-Cr6G6WyhSuRhZ-h4t/view?usp=drivesdk
SHBR(4).png,SHBR,https://drive.google.com/file/d/1KWOq1XjTmQa1EwNVNLXtuINR7xtwGhjE/view?usp=drivesdk
SR9BA.png,SR9BA,https://drive.google.com/file/d/1rvGwsTWGgizpGYD0WpBYoHXdN0lqLfQm/view?usp=drivesdk
SR9BA(1).png,SR9BA,https://drive.google.com/file/d/1zxHkzW5-hLN2WF_qVttu9laXxmPe3oIz/view?usp=drivesdk
SR9BA(2).png,SR9BA,https://drive.google.com/file/d/1BHnXBjQjK6KputBccanXea8w_h_ARbt3/view?usp=drivesdk
TCCPX(1).png,TCCPX,https://drive.google.com/file/d/1izIWJkYtaDctnLbx_SaO5nHm-C7TooYa/view?usp=drivesdk
TCG2.png,TCG2,https://drive.google.com/file/d/12ucb3FfIq8VQ2p2gskSh2yQLtef_M9C_/view?usp=drivesdk
TCG2(1).png,TCG2,https://drive.google.com/file/d/1Nk6J1Za9r3vOgPUJDUe473tPiiGRoC-4/view?usp=drivesdk
TCG4243.png,TCG4243,https://drive.google.com/file/d/1GilCEbUbUVLE65RgYFl_hQikLpqjlFXk/view?usp=drivesdk
TCG4243(1).png,TCG4243,https://drive.google.com/file/d/1Y3e3B7NAJYTGX8KiZhn9wwAcmZ08_oW-/view?usp=drivesdk
TCGLOCK.png,TCGLOCK,https://drive.google.com/file/d/1FrfJDlwAqHrdpwv9jNNDeZNcpgbmm1g6/view?usp=drivesdk
TCGLOCK(1).png,TCGLOCK,https://drive.google.com/file/d/1C80hSBcOaU20KZUjk455PJvLPq3itCdX/view?usp=drivesdk
TCHC.png,TCHC,https://drive.google.com/file/d/10B9lBeG6ZtsUQKV-wpSpG3j6dIaEY7-1/view?usp=drivesdk
TCHC(1).png,TCHC,https://drive.google.com/file/d/1Pe0jPN0UZ6G1X84UV-bsFrJEdk_NFuEW/view?usp=drivesdk
TCLCP.png,TCLCP,https://drive.google.com/file/d/1tnC9oPJtiyJAfAQWEi0LERiMs7oCt3r-/view?usp=drivesdk
TCLCP(1).png,TCLCP,https://drive.google.com/file/d/1QKeMvnagHaaiEAR25x7-0oFs0X6noy1Y/view?usp=drivesdk
TCLCPII(1).png,TCLCPII,https://drive.google.com/file/d/10wJNIntUl5hqbG1P1IhtiDmATMXC04si/view?usp=drivesdk
TCMP(1).png,TCMP,https://drive.google.com/file/d/12QXfElPQpOT58Z_rdfMvVY9CBjLDfkAw/view?usp=drivesdk
TCP320(1).png,TCP320,https://drive.google.com/file/d/1jnJfzGv7FFh00PNG0yyH_32ViL5cxIKY/view?usp=drivesdk
TCP365.png,TCP365,https://drive.google.com/file/d/1CG2EbrNAFXdTiNKSeUkTMJisDLYKGk8I/view?usp=drivesdk
TCP365(1).png,TCP365,https://drive.google.com/file/d/1UBRtCGqKmBoZeTZra-XephgcGSi_hiat/view?usp=drivesdk
TCSDW(1).png,TCSDW,https://drive.google.com/file/d/1hbQFrJxxc4jdHNiV2lNLFjJxOIMVYRLh/view?usp=drivesdk
TCSHD.png,TCSHD,https://drive.google.com/file/d/1NIqJXKo4_PI_dese0VFmJXTSSEAUfZiQ/view?usp=drivesdk
TCSHD(1).png,TCSHD,https://drive.google.com/file/d/1CFXNc1Yq2DtYQxi6jiz93g6-DqhVa_Iv/view?usp=drivesdk
TCSHDEZ(1).png,TCSHDEZ,https://drive.google.com/file/d/1e7Rud6EV9Q9rlWQpWs0DLeZJojVo_Dpb/view?usp=drivesdk
TCTP9(1).png,TCTP9,https://drive.google.com/file/d/1SKJRxRA4zt9_55ANagn5Xk9i5Zo-0CLO/view?usp=drivesdk
TGBDG(1)-Suspended.png,TGBDG(1)-Suspended,https://drive.google.com/file/d/1SJnErnpSCr0OOcP_nyJZmftt3iOIkf2I/view?usp=drivesdk
TGG2.png,TGG2,https://drive.google.com/file/d/11AB48GSu0oi0zY1us6rNeW5SY-CbPJae/view?usp=drivesdk
TGG2(1).png,TGG2,https://drive.google.com/file/d/1sqyojO52mDAXWlhs3kyzD-1VBCDY59A8/view?usp=drivesdk
TGG4243.png,TGG4243,https://drive.google.com/file/d/11WvcYQurRoK0RrRP3ZoxjDVWea4rxSGk/view?usp=drivesdk
TGG4243(1).png,TGG4243,https://drive.google.com/file/d/1zN3kwmc3eb-MUZYnbeFrkRZrNTtTzffU/view?usp=drivesdk
TGGLK.png,TGGLK,https://drive.google.com/file/d/1E5BR89syH3nZY7AHPsexJWmW6910KEU2/view?usp=drivesdk
TGGLK(1).png,TGGLK,https://drive.google.com/file/d/1y55TbBuYFKgqt67Xp1oK6Wd3bsRekPuN/view?usp=drivesdk
TGHC.png,TGHC,https://drive.google.com/file/d/1mJ_lSjqPsPaLH9_WvUNdGmVeCVzAK2TA/view?usp=drivesdk
TGHC(1).png,TGHC,https://drive.google.com/file/d/1oBcOMgXyY4N4sq8hgFICEQ-UKa5dHCyu/view?usp=drivesdk
TGLC9LC9S-Suspended.png,TGLC9LC9S-Suspended,https://drive.google.com/file/d/1Q8FJQaPL5GP9TIdT3nIr0FP4Od5m7usb/view?usp=drivesdk
TGLC9LC9S(1)-Suspended.png,TGLC9LC9S(1)-Suspended,https://drive.google.com/file/d/1KTrVzfi4yvv3ikNT8f3QQaj_eF6UBI7j/view?usp=drivesdk
TGLCP.png,TGLCP,https://drive.google.com/file/d/19zlubbPNFm98uzxo3PFgNAq__C_s3YaG/view?usp=drivesdk
TGLCP(1).png,TGLCP,https://drive.google.com/file/d/1KcZi4R7E0xI_F_Ft2rYfdW34Uiqym_fy/view?usp=drivesdk
TGLCPII(1).png,TGLCPII,https://drive.google.com/file/d/1loDZmq5_nvUBweT0UKqLZI8o5vxrz6zO/view?usp=drivesdk
TGMP.png,TGMP,https://drive.google.com/file/d/1dylt5MCL5AK5A5-bK4bE9ToGZjuWeoiw/view?usp=drivesdk
TGMP(1).png,TGMP,https://drive.google.com/file/d/18Gt7bbUIJ_unA2as2TgEji93zuITM8N9/view?usp=drivesdk
TGP320(1).png,TGP320,https://drive.google.com/file/d/1bEAQyCilUD-Hu9cMsrD31wHWneCJGrS2/view?usp=drivesdk
TGP365.png,TGP365,https://drive.google.com/file/d/1cFhzZoNrIZz0sdbSXX56ISkuiA_m_rgd/view?usp=drivesdk
TGP365(1).png,TGP365,https://drive.google.com/file/d/14QFRLWeEMP6Y0KVQ-h3Cue4qZea2gw5L/view?usp=drivesdk
TGP365(2).png,TGP365,https://drive.google.com/file/d/17ERmy0TqU65WtDy4k4fqz5uh6GXCIUow/view?usp=drivesdk
TGSCCY.png,TGSCCY,https://drive.google.com/file/d/1fSID4tY08CBeE0AHrny8STnVwbuSJk5K/view?usp=drivesdk
TGSCCY(1).png,TGSCCY,https://drive.google.com/file/d/1-KWRzyh5w7pAFd45mrDtzgzPZcZXfvwC/view?usp=drivesdk
TGSHD45(1)-Suspended.png,TGSHD45(1)-Suspended,https://drive.google.com/file/d/1y1E5w_bTNepH3av6oI-iQH4Q58HRnGus/view?usp=drivesdk
TGSHDEZ.png,TGSHDEZ,https://drive.google.com/file/d/1D_VTNswK1VLV2EanaPigAuOr25M9pwhA/view?usp=drivesdk
TGSHDEZ(1).png,TGSHDEZ,https://drive.google.com/file/d/1PNCrCY4wbxqH6H4ebaHq8qf9UCPIDzO9/view?usp=drivesdk
TGXD(1)-Suspended.png,TGXD(1)-Suspended,https://drive.google.com/file/d/1HavGUjQ0fapSc1kpa_9UGJh8L7pkyzx7/view?usp=drivesdk
Trump Angled,Trump Angled,https://drive.google.com/file/d/1iaa0rQUNW3OXXy8oKIIXERSAaT5E1bnw/view?usp=drivesdk
Trump Follower .png,Trump Follower,https://drive.google.com/file/d/1vq3XY9wiZHT-aWsftAcBLUnSFca2aotz/view?usp=drivesdk
XDBA.png,XDBA,https://drive.google.com/file/d/1wsUpuPA1e1QMt6n-qABLbAvFeSS9wc0B/view?usp=drivesdk
XDMBR.png,XDMBR,https://drive.google.com/file/d/1zc83q2ObJqmQUybwn7MpkBNU3gzE6qJ1/view?usp=drivesdk
XDMBR(1).png,XDMBR,https://drive.google.com/file/d/1od7u0J87OYtq09an8qwPxBMG53a93AXI/view?usp=drivesdk
XDMBR(2).png,XDMBR,https://drive.google.com/file/d/1tAjLfjYU8q09HX8YttPkVXvV7OK9RqSV/view?usp=drivesdk
XDSBA(1).png,XDSBA,https://drive.google.com/file/d/1tKYno6RKvR5sh88yba8hl4GmF8Jbmv-y/view?usp=drivesdk